[30kwi2025 16:12:22.709] [main/INFO] [cpw.mods.modlauncher.Launcher/MODLAUNCHER]: ModLauncher running: args [--launchTarget, forgedatauserdev, --assetIndex, 5, --assetsDir, C:\Users\kuba8\.gradle\caches\forge_gradle\assets, --gameDir, ., --fml.forgeVersion, 47.3.0, --fml.mcVersion, 1.20.1, --fml.forgeGroup, net.minecraftforge, --fml.mcpVersion, 20230612.114412, --mod, kubastfca, --all, --output, C:\Users\kuba8\Desktop\programowanie\mc modding\test4 current\src\generated\resources, --existing, C:\Users\kuba8\Desktop\programowanie\mc modding\test4 current\src\main\resources]
[30kwi2025 16:12:22.714] [main/INFO] [cpw.mods.modlauncher.Launcher/MODLAUNCHER]: ModLauncher 10.0.9+10.0.9+main.dcd20f30 starting: java version 17.0.11 by Oracle Corporation; OS Windows 11 arch amd64 version 10.0
[30kwi2025 16:12:22.746] [main/DEBUG] [cpw.mods.modlauncher.LaunchServiceHandler/MODLAUNCHER]: Found launch services [fmlclientdev,forgeclient,minecraft,forgegametestserverdev,fmlserveruserdev,fmlclient,fmldatauserdev,forgeserverdev,forgeserveruserdev,forgeclientdev,forgeclientuserdev,forgeserver,forgedatadev,fmlserver,fmlclientuserdev,fmlserverdev,forgedatauserdev,testharness,forgegametestserveruserdev]
[30kwi2025 16:12:22.757] [main/DEBUG] [cpw.mods.modlauncher.NameMappingServiceHandler/MODLAUNCHER]: Found naming services : [srgtomcp]
[30kwi2025 16:12:22.769] [main/DEBUG] [cpw.mods.modlauncher.LaunchPluginHandler/MODLAUNCHER]: Found launch plugins: [mixin,eventbus,slf4jfixer,object_holder_definalize,runtime_enum_extender,capability_token_subclass,accesstransformer,runtimedistcleaner]
[30kwi2025 16:12:22.782] [main/DEBUG] [cpw.mods.modlauncher.TransformationServicesHandler/MODLAUNCHER]: Discovering transformation services
[30kwi2025 16:12:22.786] [main/DEBUG] [net.minecraftforge.fml.loading.FMLPaths/CORE]: Path GAMEDIR is C:\Users\kuba8\Desktop\programowanie\mc modding\test4 current\run-data
[30kwi2025 16:12:22.787] [main/DEBUG] [net.minecraftforge.fml.loading.FMLPaths/CORE]: Path MODSDIR is C:\Users\kuba8\Desktop\programowanie\mc modding\test4 current\run-data\mods
[30kwi2025 16:12:22.787] [main/DEBUG] [net.minecraftforge.fml.loading.FMLPaths/CORE]: Path CONFIGDIR is C:\Users\kuba8\Desktop\programowanie\mc modding\test4 current\run-data\config
[30kwi2025 16:12:22.787] [main/DEBUG] [net.minecraftforge.fml.loading.FMLPaths/CORE]: Path FMLCONFIG is C:\Users\kuba8\Desktop\programowanie\mc modding\test4 current\run-data\config\fml.toml
[30kwi2025 16:12:22.822] [main/DEBUG] [cpw.mods.modlauncher.TransformationServicesHandler/MODLAUNCHER]: Found additional transformation services from discovery services: 
[30kwi2025 16:12:22.828] [main/INFO] [net.minecraftforge.fml.loading.ImmediateWindowHandler/]: ImmediateWindowProvider not loading because launch target is forgedatauserdev
[30kwi2025 16:12:22.836] [main/DEBUG] [cpw.mods.modlauncher.TransformationServicesHandler/MODLAUNCHER]: Found transformer services : [mixin,fml]
[30kwi2025 16:12:22.837] [main/DEBUG] [cpw.mods.modlauncher.TransformationServicesHandler/MODLAUNCHER]: Transformation services loading
[30kwi2025 16:12:22.837] [main/DEBUG] [cpw.mods.modlauncher.TransformationServiceDecorator/MODLAUNCHER]: Loading service mixin
[30kwi2025 16:12:22.837] [main/DEBUG] [cpw.mods.modlauncher.TransformationServiceDecorator/MODLAUNCHER]: Loaded service mixin
[30kwi2025 16:12:22.839] [main/DEBUG] [cpw.mods.modlauncher.TransformationServiceDecorator/MODLAUNCHER]: Loading service fml
[30kwi2025 16:12:22.840] [main/DEBUG] [net.minecraftforge.fml.loading.LauncherVersion/CORE]: Found FMLLauncher version 1.0
[30kwi2025 16:12:22.840] [main/DEBUG] [net.minecraftforge.fml.loading.FMLLoader/CORE]: FML 1.0 loading
[30kwi2025 16:12:22.840] [main/DEBUG] [net.minecraftforge.fml.loading.FMLLoader/CORE]: FML found ModLauncher version : 10.0.9+10.0.9+main.dcd20f30
[30kwi2025 16:12:22.841] [main/DEBUG] [net.minecraftforge.fml.loading.FMLLoader/CORE]: FML found AccessTransformer version : 8.0.4+66+master.c09db6d7
[30kwi2025 16:12:22.841] [main/DEBUG] [net.minecraftforge.fml.loading.FMLLoader/CORE]: FML found EventBus version : 6.0.5+6.0.5+master.eb8e549b
[30kwi2025 16:12:22.841] [main/DEBUG] [net.minecraftforge.fml.loading.FMLLoader/CORE]: Found Runtime Dist Cleaner
[30kwi2025 16:12:22.843] [main/DEBUG] [net.minecraftforge.fml.loading.FMLLoader/CORE]: FML found CoreMod version : 5.1.6
[30kwi2025 16:12:22.844] [main/DEBUG] [net.minecraftforge.fml.loading.FMLLoader/CORE]: Found ForgeSPI package implementation version 7.0.1+7.0.1+master.d2b38bf6
[30kwi2025 16:12:22.844] [main/DEBUG] [net.minecraftforge.fml.loading.FMLLoader/CORE]: Found ForgeSPI package specification 5
[30kwi2025 16:12:22.844] [main/DEBUG] [cpw.mods.modlauncher.TransformationServiceDecorator/MODLAUNCHER]: Loaded service fml
[30kwi2025 16:12:22.844] [main/DEBUG] [cpw.mods.modlauncher.TransformationServicesHandler/MODLAUNCHER]: Configuring option handling for services
[30kwi2025 16:12:22.851] [main/DEBUG] [cpw.mods.modlauncher.TransformationServicesHandler/MODLAUNCHER]: Transformation services initializing
[30kwi2025 16:12:22.852] [main/DEBUG] [cpw.mods.modlauncher.TransformationServiceDecorator/MODLAUNCHER]: Initializing transformation service mixin
[30kwi2025 16:12:22.871] [main/DEBUG] [mixin/]: MixinService [ModLauncher] was successfully booted in cpw.mods.cl.ModuleClassLoader@e056f20
[30kwi2025 16:12:22.887] [main/INFO] [mixin/]: SpongePowered MIXIN Subsystem Version=0.8.5 Source=union:/C:/Users/kuba8/.gradle/caches/modules-2/files-2.1/org.spongepowered/mixin/0.8.5/9d1c0c3a304ae6697ecd477218fa61b850bf57fc/mixin-0.8.5.jar%23128!/ Service=ModLauncher Env=CLIENT
[30kwi2025 16:12:22.890] [main/DEBUG] [mixin/]: Initialising Mixin Platform Manager
[30kwi2025 16:12:22.890] [main/DEBUG] [mixin/]: Adding mixin platform agents for container ModLauncher Root Container(ModLauncher:4f56a0a2)
[30kwi2025 16:12:22.891] [main/DEBUG] [mixin/]: Instancing new MixinPlatformAgentMinecraftForge for ModLauncher Root Container(ModLauncher:4f56a0a2)
[30kwi2025 16:12:22.892] [main/DEBUG] [mixin/]: MixinPlatformAgentMinecraftForge rejected container ModLauncher Root Container(ModLauncher:4f56a0a2)
[30kwi2025 16:12:22.892] [main/DEBUG] [mixin/]: Instancing new MixinPlatformAgentDefault for ModLauncher Root Container(ModLauncher:4f56a0a2)
[30kwi2025 16:12:22.892] [main/DEBUG] [mixin/]: MixinPlatformAgentDefault accepted container ModLauncher Root Container(ModLauncher:4f56a0a2)
[30kwi2025 16:12:22.894] [main/DEBUG] [cpw.mods.modlauncher.TransformationServiceDecorator/MODLAUNCHER]: Initialized transformation service mixin
[30kwi2025 16:12:22.894] [main/DEBUG] [cpw.mods.modlauncher.TransformationServiceDecorator/MODLAUNCHER]: Initializing transformation service fml
[30kwi2025 16:12:22.895] [main/DEBUG] [net.minecraftforge.fml.loading.FMLServiceProvider/CORE]: Setting up basic FML game directories
[30kwi2025 16:12:22.895] [main/DEBUG] [net.minecraftforge.fml.loading.FMLPaths/CORE]: Path GAMEDIR is C:\Users\kuba8\Desktop\programowanie\mc modding\test4 current\run-data
[30kwi2025 16:12:22.895] [main/DEBUG] [net.minecraftforge.fml.loading.FMLPaths/CORE]: Path MODSDIR is C:\Users\kuba8\Desktop\programowanie\mc modding\test4 current\run-data\mods
[30kwi2025 16:12:22.896] [main/DEBUG] [net.minecraftforge.fml.loading.FMLPaths/CORE]: Path CONFIGDIR is C:\Users\kuba8\Desktop\programowanie\mc modding\test4 current\run-data\config
[30kwi2025 16:12:22.896] [main/DEBUG] [net.minecraftforge.fml.loading.FMLPaths/CORE]: Path FMLCONFIG is C:\Users\kuba8\Desktop\programowanie\mc modding\test4 current\run-data\config\fml.toml
[30kwi2025 16:12:22.896] [main/DEBUG] [net.minecraftforge.fml.loading.FMLServiceProvider/CORE]: Loading configuration
[30kwi2025 16:12:22.898] [main/DEBUG] [net.minecraftforge.fml.loading.FMLServiceProvider/CORE]: Preparing ModFile
[30kwi2025 16:12:22.900] [main/DEBUG] [net.minecraftforge.fml.loading.FMLServiceProvider/CORE]: Preparing launch handler
[30kwi2025 16:12:22.901] [main/DEBUG] [net.minecraftforge.fml.loading.FMLLoader/CORE]: Using forgedatauserdev as launch service
[30kwi2025 16:12:22.911] [main/DEBUG] [net.minecraftforge.fml.loading.FMLLoader/CORE]: Received command line version data  : VersionInfo[forgeVersion=47.3.0, mcVersion=1.20.1, mcpVersion=20230612.114412, forgeGroup=net.minecraftforge]
[30kwi2025 16:12:22.912] [main/DEBUG] [cpw.mods.modlauncher.TransformationServiceDecorator/MODLAUNCHER]: Initialized transformation service fml
[30kwi2025 16:12:22.912] [main/DEBUG] [cpw.mods.modlauncher.NameMappingServiceHandler/MODLAUNCHER]: Current naming domain is 'mcp'
[30kwi2025 16:12:22.913] [main/DEBUG] [cpw.mods.modlauncher.NameMappingServiceHandler/MODLAUNCHER]: Identified name mapping providers {srg=srgtomcp:1234}
[30kwi2025 16:12:22.913] [main/DEBUG] [cpw.mods.modlauncher.TransformationServicesHandler/MODLAUNCHER]: Transformation services begin scanning
[30kwi2025 16:12:22.914] [main/DEBUG] [cpw.mods.modlauncher.TransformationServiceDecorator/MODLAUNCHER]: Beginning scan trigger - transformation service mixin
[30kwi2025 16:12:22.914] [main/DEBUG] [cpw.mods.modlauncher.TransformationServiceDecorator/MODLAUNCHER]: End scan trigger - transformation service mixin
[30kwi2025 16:12:22.914] [main/DEBUG] [cpw.mods.modlauncher.TransformationServiceDecorator/MODLAUNCHER]: Beginning scan trigger - transformation service fml
[30kwi2025 16:12:22.914] [main/DEBUG] [net.minecraftforge.fml.loading.FMLServiceProvider/CORE]: Initiating mod scan
[30kwi2025 16:12:22.922] [main/DEBUG] [net.minecraftforge.fml.loading.moddiscovery.ModListHandler/CORE]: Found mod coordinates from lists: []
[30kwi2025 16:12:22.925] [main/DEBUG] [net.minecraftforge.fml.loading.moddiscovery.ModDiscoverer/CORE]: Found Mod Locators : (mods folder:null),(maven libs:null),(exploded directory:null),(minecraft:null),(userdev classpath:null)
[30kwi2025 16:12:22.925] [main/DEBUG] [net.minecraftforge.fml.loading.moddiscovery.ModDiscoverer/CORE]: Found Dependency Locators : (JarInJar:null)
[30kwi2025 16:12:22.931] [main/DEBUG] [net.minecraftforge.fml.loading.targets.CommonLaunchHandler/CORE]: Got mod coordinates kubastfca%%C:\Users\kuba8\Desktop\programowanie\mc modding\test4 current\build\resources\main;kubastfca%%C:\Users\kuba8\Desktop\programowanie\mc modding\test4 current\build\classes\java\main from env
[30kwi2025 16:12:22.933] [main/DEBUG] [net.minecraftforge.fml.loading.targets.CommonLaunchHandler/CORE]: Found supplied mod coordinates [{kubastfca=[C:\Users\kuba8\Desktop\programowanie\mc modding\test4 current\build\resources\main, C:\Users\kuba8\Desktop\programowanie\mc modding\test4 current\build\classes\java\main]}]
[30kwi2025 16:12:23.169] [main/DEBUG] [net.minecraftforge.fml.loading.moddiscovery.ModFileInfo/LOADING]: Found valid mod file forge-1.20.1-47.3.0_mapped_parchment_2023.09.03-1.20.1.jar with {minecraft} mods - versions {1.20.1}
[30kwi2025 16:12:23.174] [main/DEBUG] [net.minecraftforge.fml.loading.moddiscovery.ModFileParser/LOADING]: Considering mod file candidate C:\Users\kuba8\.gradle\caches\modules-2\files-2.1\net.minecraftforge\javafmllanguage\1.20.1-47.3.0\d7ebc62120f202109e300e084ca1a31a7b946a62\javafmllanguage-1.20.1-47.3.0.jar
[30kwi2025 16:12:23.175] [main/WARN] [net.minecraftforge.fml.loading.moddiscovery.ModFileParser/LOADING]: Mod file C:\Users\kuba8\.gradle\caches\modules-2\files-2.1\net.minecraftforge\javafmllanguage\1.20.1-47.3.0\d7ebc62120f202109e300e084ca1a31a7b946a62\javafmllanguage-1.20.1-47.3.0.jar is missing mods.toml file
[30kwi2025 16:12:23.180] [main/DEBUG] [net.minecraftforge.fml.loading.moddiscovery.ModFileParser/LOADING]: Considering mod file candidate C:\Users\kuba8\.gradle\caches\modules-2\files-2.1\net.minecraftforge\lowcodelanguage\1.20.1-47.3.0\1bf3e845ea0ce750096da8c71c8364b188ab74d4\lowcodelanguage-1.20.1-47.3.0.jar
[30kwi2025 16:12:23.180] [main/WARN] [net.minecraftforge.fml.loading.moddiscovery.ModFileParser/LOADING]: Mod file C:\Users\kuba8\.gradle\caches\modules-2\files-2.1\net.minecraftforge\lowcodelanguage\1.20.1-47.3.0\1bf3e845ea0ce750096da8c71c8364b188ab74d4\lowcodelanguage-1.20.1-47.3.0.jar is missing mods.toml file
[30kwi2025 16:12:23.184] [main/DEBUG] [net.minecraftforge.fml.loading.moddiscovery.ModFileParser/LOADING]: Considering mod file candidate C:\Users\kuba8\.gradle\caches\modules-2\files-2.1\net.minecraftforge\mclanguage\1.20.1-47.3.0\6093682e943ddccbabf70539319d7f2fe64db2e7\mclanguage-1.20.1-47.3.0.jar
[30kwi2025 16:12:23.185] [main/WARN] [net.minecraftforge.fml.loading.moddiscovery.ModFileParser/LOADING]: Mod file C:\Users\kuba8\.gradle\caches\modules-2\files-2.1\net.minecraftforge\mclanguage\1.20.1-47.3.0\6093682e943ddccbabf70539319d7f2fe64db2e7\mclanguage-1.20.1-47.3.0.jar is missing mods.toml file
[30kwi2025 16:12:23.189] [main/DEBUG] [net.minecraftforge.fml.loading.moddiscovery.ModFileParser/LOADING]: Considering mod file candidate C:\Users\kuba8\.gradle\caches\modules-2\files-2.1\net.minecraftforge\fmlcore\1.20.1-47.3.0\3b6be96aba3e323f3c918e8ef6a96312d82d76ad\fmlcore-1.20.1-47.3.0.jar
[30kwi2025 16:12:23.189] [main/WARN] [net.minecraftforge.fml.loading.moddiscovery.ModFileParser/LOADING]: Mod file C:\Users\kuba8\.gradle\caches\modules-2\files-2.1\net.minecraftforge\fmlcore\1.20.1-47.3.0\3b6be96aba3e323f3c918e8ef6a96312d82d76ad\fmlcore-1.20.1-47.3.0.jar is missing mods.toml file
[30kwi2025 16:12:23.193] [main/DEBUG] [net.minecraftforge.fml.loading.moddiscovery.ModFileParser/LOADING]: Considering mod file candidate C:\Users\kuba8\Desktop\programowanie\mc modding\test4 current\build\resources\main
[30kwi2025 16:12:23.202] [main/DEBUG] [net.minecraftforge.fml.loading.moddiscovery.ModFileInfo/LOADING]: Found valid mod file main with {kubastfca} mods - versions {0.4.3}
[30kwi2025 16:12:23.205] [main/DEBUG] [net.minecraftforge.fml.loading.moddiscovery.ModFileParser/LOADING]: Considering mod file candidate /
[30kwi2025 16:12:23.207] [main/DEBUG] [net.minecraftforge.fml.loading.moddiscovery.ModFileInfo/LOADING]: Found valid mod file  with {forge} mods - versions {47.3.0}
[30kwi2025 16:12:23.253] [main/DEBUG] [net.minecraftforge.fml.loading.moddiscovery.ModFileParser/LOADING]: Considering mod file candidate C:\Users\kuba8\.gradle\caches\forge_gradle\deobf_dependencies\curse\maven\tfc-302973\6103204_mapped_parchment_2023.09.03-1.20.1\tfc-302973-6103204_mapped_parchment_2023.09.03-1.20.1.jar
[30kwi2025 16:12:23.257] [main/DEBUG] [net.minecraftforge.fml.loading.moddiscovery.ModFileInfo/LOADING]: Found valid mod file tfc-302973-6103204_mapped_parchment_2023.09.03-1.20.1.jar with {tfc} mods - versions {3.2.13}
[30kwi2025 16:12:23.262] [main/DEBUG] [net.minecraftforge.fml.loading.moddiscovery.ModFileParser/LOADING]: Considering mod file candidate C:\Users\kuba8\.gradle\caches\forge_gradle\deobf_dependencies\curse\maven\patchouli-306770\4966125_mapped_parchment_2023.09.03-1.20.1\patchouli-306770-4966125_mapped_parchment_2023.09.03-1.20.1.jar
[30kwi2025 16:12:23.263] [main/DEBUG] [net.minecraftforge.fml.loading.moddiscovery.ModFileInfo/LOADING]: Found valid mod file patchouli-306770-4966125_mapped_parchment_2023.09.03-1.20.1.jar with {patchouli} mods - versions {1.20.1-84-FORGE}
[30kwi2025 16:12:23.266] [main/DEBUG] [net.minecraftforge.fml.loading.moddiscovery.ModFileParser/LOADING]: Considering mod file candidate C:\Users\kuba8\.gradle\caches\forge_gradle\deobf_dependencies\mezz\jei\jei-1.20.1-forge\15.3.0.8_mapped_parchment_2023.09.03-1.20.1\jei-1.20.1-forge-15.3.0.8_mapped_parchment_2023.09.03-1.20.1.jar
[30kwi2025 16:12:23.267] [main/DEBUG] [net.minecraftforge.fml.loading.moddiscovery.ModFileInfo/LOADING]: Found valid mod file jei-1.20.1-forge-15.3.0.8_mapped_parchment_2023.09.03-1.20.1.jar with {jei} mods - versions {15.3.0.8}
[30kwi2025 16:12:23.283] [main/DEBUG] [net.minecraftforge.fml.loading.moddiscovery.ModFileParser/LOADING]: Considering mod file candidate C:\Users\kuba8\.gradle\caches\forge_gradle\deobf_dependencies\curse\maven\tfc-302973\6103204_mapped_parchment_2023.09.03-1.20.1\tfc-302973-6103204_mapped_parchment_2023.09.03-1.20.1.jar
[30kwi2025 16:12:23.285] [main/DEBUG] [net.minecraftforge.fml.loading.moddiscovery.ModFileInfo/LOADING]: Found valid mod file tfc-302973-6103204_mapped_parchment_2023.09.03-1.20.1.jar with {tfc} mods - versions {3.2.13}
[30kwi2025 16:12:23.288] [main/DEBUG] [net.minecraftforge.fml.loading.moddiscovery.ModFileParser/LOADING]: Considering mod file candidate C:\Users\kuba8\.gradle\caches\forge_gradle\deobf_dependencies\curse\maven\patchouli-306770\4966125_mapped_parchment_2023.09.03-1.20.1\patchouli-306770-4966125_mapped_parchment_2023.09.03-1.20.1.jar
[30kwi2025 16:12:23.289] [main/DEBUG] [net.minecraftforge.fml.loading.moddiscovery.ModFileInfo/LOADING]: Found valid mod file patchouli-306770-4966125_mapped_parchment_2023.09.03-1.20.1.jar with {patchouli} mods - versions {1.20.1-84-FORGE}
[30kwi2025 16:12:23.292] [main/DEBUG] [net.minecraftforge.fml.loading.moddiscovery.ModFileParser/LOADING]: Considering mod file candidate C:\Users\kuba8\.gradle\caches\forge_gradle\deobf_dependencies\mezz\jei\jei-1.20.1-forge\15.3.0.8_mapped_parchment_2023.09.03-1.20.1\jei-1.20.1-forge-15.3.0.8_mapped_parchment_2023.09.03-1.20.1.jar
[30kwi2025 16:12:23.293] [main/DEBUG] [net.minecraftforge.fml.loading.moddiscovery.ModFileInfo/LOADING]: Found valid mod file jei-1.20.1-forge-15.3.0.8_mapped_parchment_2023.09.03-1.20.1.jar with {jei} mods - versions {15.3.0.8}
[30kwi2025 16:12:23.297] [main/DEBUG] [net.minecraftforge.fml.loading.UniqueModListBuilder/]: Found 2 mods for first modid tfc, selecting most recent based on version data
[30kwi2025 16:12:23.297] [main/DEBUG] [net.minecraftforge.fml.loading.UniqueModListBuilder/]: Selected file tfc-302973-6103204_mapped_parchment_2023.09.03-1.20.1.jar for modid tfc with version 3.2.13
[30kwi2025 16:12:23.297] [main/DEBUG] [net.minecraftforge.fml.loading.UniqueModListBuilder/]: Found 2 mods for first modid patchouli, selecting most recent based on version data
[30kwi2025 16:12:23.299] [main/DEBUG] [net.minecraftforge.fml.loading.UniqueModListBuilder/]: Selected file patchouli-306770-4966125_mapped_parchment_2023.09.03-1.20.1.jar for modid patchouli with version 1.20.1-84-FORGE
[30kwi2025 16:12:23.299] [main/DEBUG] [net.minecraftforge.fml.loading.UniqueModListBuilder/]: Found 2 mods for first modid jei, selecting most recent based on version data
[30kwi2025 16:12:23.299] [main/DEBUG] [net.minecraftforge.fml.loading.UniqueModListBuilder/]: Selected file jei-1.20.1-forge-15.3.0.8_mapped_parchment_2023.09.03-1.20.1.jar for modid jei with version 15.3.0.8
[30kwi2025 16:12:23.305] [main/DEBUG] [net.minecraftforge.fml.loading.moddiscovery.AbstractJarFileDependencyLocator/]: Failed to load resource META-INF\jarjar\metadata.json from tfc-302973-6103204_mapped_parchment_2023.09.03-1.20.1.jar, it does not contain dependency information.
[30kwi2025 16:12:23.305] [main/DEBUG] [net.minecraftforge.fml.loading.moddiscovery.AbstractJarFileDependencyLocator/]: Failed to load resource META-INF\jarjar\metadata.json from forge-1.20.1-47.3.0_mapped_parchment_2023.09.03-1.20.1.jar, it does not contain dependency information.
[30kwi2025 16:12:23.305] [main/DEBUG] [net.minecraftforge.fml.loading.moddiscovery.AbstractJarFileDependencyLocator/]: Failed to load resource META-INF\jarjar\metadata.json from , it does not contain dependency information.
[30kwi2025 16:12:23.305] [main/DEBUG] [net.minecraftforge.fml.loading.moddiscovery.AbstractJarFileDependencyLocator/]: Failed to load resource META-INF\jarjar\metadata.json from patchouli-306770-4966125_mapped_parchment_2023.09.03-1.20.1.jar, it does not contain dependency information.
[30kwi2025 16:12:23.306] [main/DEBUG] [net.minecraftforge.fml.loading.moddiscovery.AbstractJarFileDependencyLocator/]: Failed to load resource META-INF\jarjar\metadata.json from main, it does not contain dependency information.
[30kwi2025 16:12:23.307] [main/DEBUG] [net.minecraftforge.fml.loading.moddiscovery.AbstractJarFileDependencyLocator/]: Failed to load resource META-INF\jarjar\metadata.json from jei-1.20.1-forge-15.3.0.8_mapped_parchment_2023.09.03-1.20.1.jar, it does not contain dependency information.
[30kwi2025 16:12:23.307] [main/DEBUG] [net.minecraftforge.fml.loading.moddiscovery.AbstractJarFileDependencyLocator/]: Failed to load resource META-INF\jarjar\metadata.json from mclanguage-1.20.1-47.3.0.jar, it does not contain dependency information.
[30kwi2025 16:12:23.307] [main/DEBUG] [net.minecraftforge.fml.loading.moddiscovery.AbstractJarFileDependencyLocator/]: Failed to load resource META-INF\jarjar\metadata.json from javafmllanguage-1.20.1-47.3.0.jar, it does not contain dependency information.
[30kwi2025 16:12:23.307] [main/DEBUG] [net.minecraftforge.fml.loading.moddiscovery.AbstractJarFileDependencyLocator/]: Failed to load resource META-INF\jarjar\metadata.json from fmlcore-1.20.1-47.3.0.jar, it does not contain dependency information.
[30kwi2025 16:12:23.308] [main/DEBUG] [net.minecraftforge.fml.loading.moddiscovery.AbstractJarFileDependencyLocator/]: Failed to load resource META-INF\jarjar\metadata.json from lowcodelanguage-1.20.1-47.3.0.jar, it does not contain dependency information.
[30kwi2025 16:12:23.331] [main/INFO] [net.minecraftforge.fml.loading.moddiscovery.JarInJarDependencyLocator/]: No dependencies to load found. Skipping!
[30kwi2025 16:12:23.332] [main/DEBUG] [net.minecraftforge.fml.loading.moddiscovery.ModFileInfo/LOADING]: Found valid mod file forge-1.20.1-47.3.0_mapped_parchment_2023.09.03-1.20.1.jar with {minecraft} mods - versions {1.20.1}
[30kwi2025 16:12:23.335] [main/DEBUG] [net.minecraftforge.fml.loading.moddiscovery.ModFile/LOADING]: Loading mod file C:\Users\kuba8\.gradle\caches\forge_gradle\minecraft_user_repo\net\minecraftforge\forge\1.20.1-47.3.0_mapped_parchment_2023.09.03-1.20.1\forge-1.20.1-47.3.0_mapped_parchment_2023.09.03-1.20.1.jar with languages [LanguageSpec[languageName=minecraft, acceptedVersions=1]]
[30kwi2025 16:12:23.335] [main/DEBUG] [net.minecraftforge.fml.loading.moddiscovery.ModFileParser/LOADING]: Considering mod file candidate C:\Users\kuba8\.gradle\caches\forge_gradle\deobf_dependencies\curse\maven\tfc-302973\6103204_mapped_parchment_2023.09.03-1.20.1\tfc-302973-6103204_mapped_parchment_2023.09.03-1.20.1.jar
[30kwi2025 16:12:23.336] [main/DEBUG] [net.minecraftforge.fml.loading.moddiscovery.ModFileInfo/LOADING]: Found valid mod file tfc-302973-6103204_mapped_parchment_2023.09.03-1.20.1.jar with {tfc} mods - versions {3.2.13}
[30kwi2025 16:12:23.336] [main/DEBUG] [net.minecraftforge.fml.loading.moddiscovery.ModFile/LOADING]: Loading mod file C:\Users\kuba8\.gradle\caches\forge_gradle\deobf_dependencies\curse\maven\tfc-302973\6103204_mapped_parchment_2023.09.03-1.20.1\tfc-302973-6103204_mapped_parchment_2023.09.03-1.20.1.jar with languages [LanguageSpec[languageName=javafml, acceptedVersions=[47,)]]
[30kwi2025 16:12:23.337] [main/DEBUG] [net.minecraftforge.fml.loading.moddiscovery.ModFileParser/LOADING]: Considering mod file candidate /
[30kwi2025 16:12:23.337] [main/DEBUG] [net.minecraftforge.fml.loading.moddiscovery.ModFileInfo/LOADING]: Found valid mod file  with {forge} mods - versions {47.3.0}
[30kwi2025 16:12:23.337] [main/DEBUG] [net.minecraftforge.fml.loading.moddiscovery.ModFile/LOADING]: Loading mod file / with languages [LanguageSpec[languageName=javafml, acceptedVersions=[24,]]]
[30kwi2025 16:12:23.362] [main/DEBUG] [net.minecraftforge.fml.loading.moddiscovery.ModFileParser/LOADING]: Found coremod field_to_method with Javascript path coremods/field_to_method.js
[30kwi2025 16:12:23.362] [main/DEBUG] [net.minecraftforge.fml.loading.moddiscovery.ModFileParser/LOADING]: Found coremod field_to_instanceof with Javascript path coremods/field_to_instanceof.js
[30kwi2025 16:12:23.363] [main/DEBUG] [net.minecraftforge.fml.loading.moddiscovery.ModFileParser/LOADING]: Found coremod add_bouncer_method with Javascript path coremods/add_bouncer_method.js
[30kwi2025 16:12:23.363] [main/DEBUG] [net.minecraftforge.fml.loading.moddiscovery.ModFileParser/LOADING]: Found coremod method_redirector with Javascript path coremods/method_redirector.js
[30kwi2025 16:12:23.363] [main/DEBUG] [net.minecraftforge.fml.loading.moddiscovery.ModFile/LOADING]: Found coremod coremods/field_to_method.js
[30kwi2025 16:12:23.363] [main/DEBUG] [net.minecraftforge.fml.loading.moddiscovery.ModFile/LOADING]: Found coremod coremods/field_to_instanceof.js
[30kwi2025 16:12:23.363] [main/DEBUG] [net.minecraftforge.fml.loading.moddiscovery.ModFile/LOADING]: Found coremod coremods/add_bouncer_method.js
[30kwi2025 16:12:23.363] [main/DEBUG] [net.minecraftforge.fml.loading.moddiscovery.ModFile/LOADING]: Found coremod coremods/method_redirector.js
[30kwi2025 16:12:23.363] [main/DEBUG] [net.minecraftforge.fml.loading.moddiscovery.ModFileParser/LOADING]: Considering mod file candidate C:\Users\kuba8\.gradle\caches\forge_gradle\deobf_dependencies\curse\maven\patchouli-306770\4966125_mapped_parchment_2023.09.03-1.20.1\patchouli-306770-4966125_mapped_parchment_2023.09.03-1.20.1.jar
[30kwi2025 16:12:23.364] [main/DEBUG] [net.minecraftforge.fml.loading.moddiscovery.ModFileInfo/LOADING]: Found valid mod file patchouli-306770-4966125_mapped_parchment_2023.09.03-1.20.1.jar with {patchouli} mods - versions {1.20.1-84-FORGE}
[30kwi2025 16:12:23.365] [main/DEBUG] [net.minecraftforge.fml.loading.moddiscovery.ModFile/LOADING]: Loading mod file C:\Users\kuba8\.gradle\caches\forge_gradle\deobf_dependencies\curse\maven\patchouli-306770\4966125_mapped_parchment_2023.09.03-1.20.1\patchouli-306770-4966125_mapped_parchment_2023.09.03-1.20.1.jar with languages [LanguageSpec[languageName=javafml, acceptedVersions=[47,)]]
[30kwi2025 16:12:23.366] [main/DEBUG] [net.minecraftforge.fml.loading.moddiscovery.ModFileParser/LOADING]: Considering mod file candidate C:\Users\kuba8\Desktop\programowanie\mc modding\test4 current\build\resources\main
[30kwi2025 16:12:23.368] [main/DEBUG] [net.minecraftforge.fml.loading.moddiscovery.ModFileInfo/LOADING]: Found valid mod file main with {kubastfca} mods - versions {0.4.3}
[30kwi2025 16:12:23.368] [main/DEBUG] [net.minecraftforge.fml.loading.moddiscovery.ModFile/LOADING]: Loading mod file C:\Users\kuba8\Desktop\programowanie\mc modding\test4 current\build\resources\main with languages [LanguageSpec[languageName=javafml, acceptedVersions=[47,)]]
[30kwi2025 16:12:23.369] [main/DEBUG] [net.minecraftforge.fml.loading.moddiscovery.ModFileParser/LOADING]: Considering mod file candidate C:\Users\kuba8\.gradle\caches\forge_gradle\deobf_dependencies\mezz\jei\jei-1.20.1-forge\15.3.0.8_mapped_parchment_2023.09.03-1.20.1\jei-1.20.1-forge-15.3.0.8_mapped_parchment_2023.09.03-1.20.1.jar
[30kwi2025 16:12:23.370] [main/DEBUG] [net.minecraftforge.fml.loading.moddiscovery.ModFileInfo/LOADING]: Found valid mod file jei-1.20.1-forge-15.3.0.8_mapped_parchment_2023.09.03-1.20.1.jar with {jei} mods - versions {15.3.0.8}
[30kwi2025 16:12:23.370] [main/DEBUG] [net.minecraftforge.fml.loading.moddiscovery.ModFile/LOADING]: Loading mod file C:\Users\kuba8\.gradle\caches\forge_gradle\deobf_dependencies\mezz\jei\jei-1.20.1-forge\15.3.0.8_mapped_parchment_2023.09.03-1.20.1\jei-1.20.1-forge-15.3.0.8_mapped_parchment_2023.09.03-1.20.1.jar with languages [LanguageSpec[languageName=javafml, acceptedVersions=[47,)]]
[30kwi2025 16:12:23.371] [main/DEBUG] [cpw.mods.modlauncher.TransformationServiceDecorator/MODLAUNCHER]: End scan trigger - transformation service fml
[30kwi2025 16:12:23.385] [main/DEBUG] [net.minecraftforge.fml.loading.LanguageLoadingProvider/CORE]: Found 3 language providers
[30kwi2025 16:12:23.385] [main/DEBUG] [net.minecraftforge.fml.loading.LanguageLoadingProvider/CORE]: Found language provider minecraft, version 1.0
[30kwi2025 16:12:23.386] [main/DEBUG] [net.minecraftforge.fml.loading.LanguageLoadingProvider/CORE]: Found language provider lowcodefml, version 47
[30kwi2025 16:12:23.386] [main/DEBUG] [net.minecraftforge.fml.loading.LanguageLoadingProvider/CORE]: Found language provider javafml, version 47
[30kwi2025 16:12:23.391] [main/DEBUG] [net.minecraftforge.fml.loading.ModSorter/]: Configured system mods: [minecraft, forge]
[30kwi2025 16:12:23.392] [main/DEBUG] [net.minecraftforge.fml.loading.ModSorter/]: Found system mod: minecraft
[30kwi2025 16:12:23.392] [main/DEBUG] [net.minecraftforge.fml.loading.ModSorter/]: Found system mod: forge
[30kwi2025 16:12:23.395] [main/DEBUG] [net.minecraftforge.fml.loading.ModSorter/LOADING]: Found 10 mod requirements (9 mandatory, 1 optional)
[30kwi2025 16:12:23.395] [main/DEBUG] [net.minecraftforge.fml.loading.ModSorter/LOADING]: Found 0 mod requirements missing (0 mandatory, 0 optional)
[30kwi2025 16:12:23.786] [main/DEBUG] [net.minecraftforge.fml.loading.MCPNamingService/CORE]: Loaded 34318 method mappings from methods.csv
[30kwi2025 16:12:23.819] [main/DEBUG] [net.minecraftforge.fml.loading.MCPNamingService/CORE]: Loaded 31014 field mappings from fields.csv
[30kwi2025 16:12:23.873] [main/DEBUG] [cpw.mods.modlauncher.TransformationServicesHandler/MODLAUNCHER]: Transformation services loading transformers
[30kwi2025 16:12:23.873] [main/DEBUG] [cpw.mods.modlauncher.TransformationServiceDecorator/MODLAUNCHER]: Initializing transformers for transformation service mixin
[30kwi2025 16:12:23.874] [main/DEBUG] [cpw.mods.modlauncher.TransformationServiceDecorator/MODLAUNCHER]: Initialized transformers for transformation service mixin
[30kwi2025 16:12:23.874] [main/DEBUG] [cpw.mods.modlauncher.TransformationServiceDecorator/MODLAUNCHER]: Initializing transformers for transformation service fml
[30kwi2025 16:12:23.874] [main/DEBUG] [net.minecraftforge.fml.loading.FMLServiceProvider/CORE]: Loading coremod transformers
[30kwi2025 16:12:23.875] [main/DEBUG] [net.minecraftforge.coremod.CoreModEngine/COREMOD]: Loading CoreMod from coremods/field_to_method.js
[30kwi2025 16:12:24.099] [main/DEBUG] [net.minecraftforge.coremod.CoreModEngine/COREMOD]: CoreMod loaded successfully
[30kwi2025 16:12:24.100] [main/DEBUG] [net.minecraftforge.coremod.CoreModEngine/COREMOD]: Loading CoreMod from coremods/field_to_instanceof.js
[30kwi2025 16:12:24.159] [main/DEBUG] [net.minecraftforge.coremod.CoreModEngine/COREMOD]: CoreMod loaded successfully
[30kwi2025 16:12:24.159] [main/DEBUG] [net.minecraftforge.coremod.CoreModEngine/COREMOD]: Loading CoreMod from coremods/add_bouncer_method.js
[30kwi2025 16:12:24.202] [main/DEBUG] [net.minecraftforge.coremod.CoreModEngine/COREMOD]: CoreMod loaded successfully
[30kwi2025 16:12:24.202] [main/DEBUG] [net.minecraftforge.coremod.CoreModEngine/COREMOD]: Loading CoreMod from coremods/method_redirector.js
[30kwi2025 16:12:24.259] [main/DEBUG] [net.minecraftforge.coremod.CoreModEngine/COREMOD]: CoreMod loaded successfully
[30kwi2025 16:12:24.270] [main/DEBUG] [cpw.mods.modlauncher.TransformStore/MODLAUNCHER]: Adding transformer net.minecraftforge.coremod.transformer.CoreModClassTransformer@4a8e6e89 to Target : CLASS {Lnet/minecraft/world/level/biome/Biome;} {} {V}
[30kwi2025 16:12:24.272] [main/DEBUG] [cpw.mods.modlauncher.TransformStore/MODLAUNCHER]: Adding transformer net.minecraftforge.coremod.transformer.CoreModClassTransformer@3a8d467e to Target : CLASS {Lnet/minecraft/world/level/levelgen/structure/Structure;} {} {V}
[30kwi2025 16:12:24.272] [main/DEBUG] [cpw.mods.modlauncher.TransformStore/MODLAUNCHER]: Adding transformer net.minecraftforge.coremod.transformer.CoreModClassTransformer@141d3d43 to Target : CLASS {Lnet/minecraft/world/effect/MobEffectInstance;} {} {V}
[30kwi2025 16:12:24.273] [main/DEBUG] [cpw.mods.modlauncher.TransformStore/MODLAUNCHER]: Adding transformer net.minecraftforge.coremod.transformer.CoreModClassTransformer@6ca372ef to Target : CLASS {Lnet/minecraft/world/level/block/LiquidBlock;} {} {V}
[30kwi2025 16:12:24.273] [main/DEBUG] [cpw.mods.modlauncher.TransformStore/MODLAUNCHER]: Adding transformer net.minecraftforge.coremod.transformer.CoreModClassTransformer@3ebe4ccc to Target : CLASS {Lnet/minecraft/world/item/BucketItem;} {} {V}
[30kwi2025 16:12:24.273] [main/DEBUG] [cpw.mods.modlauncher.TransformStore/MODLAUNCHER]: Adding transformer net.minecraftforge.coremod.transformer.CoreModClassTransformer@6ed043d3 to Target : CLASS {Lnet/minecraft/world/level/block/StairBlock;} {} {V}
[30kwi2025 16:12:24.273] [main/DEBUG] [cpw.mods.modlauncher.TransformStore/MODLAUNCHER]: Adding transformer net.minecraftforge.coremod.transformer.CoreModClassTransformer@135a8c6f to Target : CLASS {Lnet/minecraft/world/level/block/FlowerPotBlock;} {} {V}
[30kwi2025 16:12:24.273] [main/DEBUG] [cpw.mods.modlauncher.TransformStore/MODLAUNCHER]: Adding transformer net.minecraftforge.coremod.transformer.CoreModClassTransformer@6419a0e1 to Target : CLASS {Lnet/minecraft/world/item/ItemStack;} {} {V}
[30kwi2025 16:12:24.274] [main/DEBUG] [cpw.mods.modlauncher.TransformStore/MODLAUNCHER]: Adding transformer net.minecraftforge.coremod.transformer.CoreModClassTransformer@280d4882 to Target : CLASS {Lnet/minecraft/network/play/client/CClientSettingsPacket;} {} {V}
[30kwi2025 16:12:24.274] [main/DEBUG] [cpw.mods.modlauncher.TransformStore/MODLAUNCHER]: Adding transformer net.minecraftforge.coremod.transformer.CoreModClassTransformer@44af588b to Target : CLASS {Lnet/minecraft/world/level/NaturalSpawner;} {} {V}
[30kwi2025 16:12:24.274] [main/DEBUG] [cpw.mods.modlauncher.TransformStore/MODLAUNCHER]: Adding transformer net.minecraftforge.coremod.transformer.CoreModClassTransformer@44af588b to Target : CLASS {Lnet/minecraft/world/level/levelgen/PhantomSpawner;} {} {V}
[30kwi2025 16:12:24.274] [main/DEBUG] [cpw.mods.modlauncher.TransformStore/MODLAUNCHER]: Adding transformer net.minecraftforge.coremod.transformer.CoreModClassTransformer@44af588b to Target : CLASS {Lnet/minecraft/world/level/levelgen/structure/structures/OceanMonumentPieces$OceanMonumentPiece;} {} {V}
[30kwi2025 16:12:24.274] [main/DEBUG] [cpw.mods.modlauncher.TransformStore/MODLAUNCHER]: Adding transformer net.minecraftforge.coremod.transformer.CoreModClassTransformer@44af588b to Target : CLASS {Lnet/minecraft/server/commands/RaidCommand;} {} {V}
[30kwi2025 16:12:24.274] [main/DEBUG] [cpw.mods.modlauncher.TransformStore/MODLAUNCHER]: Adding transformer net.minecraftforge.coremod.transformer.CoreModClassTransformer@44af588b to Target : CLASS {Lnet/minecraft/server/commands/SummonCommand;} {} {V}
[30kwi2025 16:12:24.274] [main/DEBUG] [cpw.mods.modlauncher.TransformStore/MODLAUNCHER]: Adding transformer net.minecraftforge.coremod.transformer.CoreModClassTransformer@44af588b to Target : CLASS {Lnet/minecraft/world/entity/npc/Villager;} {} {V}
[30kwi2025 16:12:24.275] [main/DEBUG] [cpw.mods.modlauncher.TransformStore/MODLAUNCHER]: Adding transformer net.minecraftforge.coremod.transformer.CoreModClassTransformer@44af588b to Target : CLASS {Lnet/minecraft/world/level/levelgen/structure/structures/SwampHutPiece;} {} {V}
[30kwi2025 16:12:24.275] [main/DEBUG] [cpw.mods.modlauncher.TransformStore/MODLAUNCHER]: Adding transformer net.minecraftforge.coremod.transformer.CoreModClassTransformer@44af588b to Target : CLASS {Lnet/minecraft/world/level/levelgen/structure/templatesystem/StructureTemplate;} {} {V}
[30kwi2025 16:12:24.275] [main/DEBUG] [cpw.mods.modlauncher.TransformStore/MODLAUNCHER]: Adding transformer net.minecraftforge.coremod.transformer.CoreModClassTransformer@44af588b to Target : CLASS {Lnet/minecraft/world/entity/EntityType;} {} {V}
[30kwi2025 16:12:24.275] [main/DEBUG] [cpw.mods.modlauncher.TransformStore/MODLAUNCHER]: Adding transformer net.minecraftforge.coremod.transformer.CoreModClassTransformer@44af588b to Target : CLASS {Lnet/minecraft/world/entity/ai/village/VillageSiege;} {} {V}
[30kwi2025 16:12:24.275] [main/DEBUG] [cpw.mods.modlauncher.TransformStore/MODLAUNCHER]: Adding transformer net.minecraftforge.coremod.transformer.CoreModClassTransformer@44af588b to Target : CLASS {Lnet/minecraft/world/entity/npc/CatSpawner;} {} {V}
[30kwi2025 16:12:24.275] [main/DEBUG] [cpw.mods.modlauncher.TransformStore/MODLAUNCHER]: Adding transformer net.minecraftforge.coremod.transformer.CoreModClassTransformer@44af588b to Target : CLASS {Lnet/minecraft/world/level/levelgen/PatrolSpawner;} {} {V}
[30kwi2025 16:12:24.275] [main/DEBUG] [cpw.mods.modlauncher.TransformStore/MODLAUNCHER]: Adding transformer net.minecraftforge.coremod.transformer.CoreModClassTransformer@44af588b to Target : CLASS {Lnet/minecraft/world/entity/monster/Zombie;} {} {V}
[30kwi2025 16:12:24.275] [main/DEBUG] [cpw.mods.modlauncher.TransformStore/MODLAUNCHER]: Adding transformer net.minecraftforge.coremod.transformer.CoreModClassTransformer@44af588b to Target : CLASS {Lnet/minecraft/world/entity/monster/Spider;} {} {V}
[30kwi2025 16:12:24.275] [main/DEBUG] [cpw.mods.modlauncher.TransformStore/MODLAUNCHER]: Adding transformer net.minecraftforge.coremod.transformer.CoreModClassTransformer@44af588b to Target : CLASS {Lnet/minecraft/world/level/levelgen/structure/structures/WoodlandMansionPieces$WoodlandMansionPiece;} {} {V}
[30kwi2025 16:12:24.276] [main/DEBUG] [cpw.mods.modlauncher.TransformStore/MODLAUNCHER]: Adding transformer net.minecraftforge.coremod.transformer.CoreModClassTransformer@44af588b to Target : CLASS {Lnet/minecraft/world/entity/monster/Strider;} {} {V}
[30kwi2025 16:12:24.276] [main/DEBUG] [cpw.mods.modlauncher.TransformStore/MODLAUNCHER]: Adding transformer net.minecraftforge.coremod.transformer.CoreModClassTransformer@44af588b to Target : CLASS {Lnet/minecraft/world/entity/animal/frog/Tadpole;} {} {V}
[30kwi2025 16:12:24.276] [main/DEBUG] [cpw.mods.modlauncher.TransformStore/MODLAUNCHER]: Adding transformer net.minecraftforge.coremod.transformer.CoreModClassTransformer@44af588b to Target : CLASS {Lnet/minecraft/world/level/levelgen/structure/structures/OceanRuinPieces$OceanRuinPiece;} {} {V}
[30kwi2025 16:12:24.276] [main/DEBUG] [cpw.mods.modlauncher.TransformStore/MODLAUNCHER]: Adding transformer net.minecraftforge.coremod.transformer.CoreModClassTransformer@44af588b to Target : CLASS {Lnet/minecraft/world/entity/animal/horse/SkeletonTrapGoal;} {} {V}
[30kwi2025 16:12:24.276] [main/DEBUG] [cpw.mods.modlauncher.TransformStore/MODLAUNCHER]: Adding transformer net.minecraftforge.coremod.transformer.CoreModClassTransformer@44af588b to Target : CLASS {Lnet/minecraft/world/entity/monster/Evoker$EvokerSummonSpellGoal;} {} {V}
[30kwi2025 16:12:24.276] [main/DEBUG] [cpw.mods.modlauncher.TransformStore/MODLAUNCHER]: Adding transformer net.minecraftforge.coremod.transformer.CoreModClassTransformer@44af588b to Target : CLASS {Lnet/minecraft/world/entity/raid/Raid;} {} {V}
[30kwi2025 16:12:24.279] [main/DEBUG] [cpw.mods.modlauncher.TransformStore/MODLAUNCHER]: Adding transformer net.minecraftforge.coremod.transformer.CoreModClassTransformer@44af588b to Target : CLASS {Lnet/minecraft/world/entity/monster/ZombieVillager;} {} {V}
[30kwi2025 16:12:24.279] [main/DEBUG] [cpw.mods.modlauncher.TransformationServiceDecorator/MODLAUNCHER]: Initialized transformers for transformation service fml
[30kwi2025 16:12:25.297] [main/DEBUG] [mixin/]: Processing prepare() for PlatformAgent[MixinPlatformAgentDefault:ModLauncher Root Container(ModLauncher:4f56a0a2)]
[30kwi2025 16:12:25.297] [main/DEBUG] [mixin/]: Processing launch tasks for PlatformAgent[MixinPlatformAgentDefault:ModLauncher Root Container(ModLauncher:4f56a0a2)]
[30kwi2025 16:12:25.297] [main/DEBUG] [mixin/]: Adding mixin platform agents for container SecureJarResource(minecraft)
[30kwi2025 16:12:25.297] [main/DEBUG] [mixin/]: Instancing new MixinPlatformAgentMinecraftForge for SecureJarResource(minecraft)
[30kwi2025 16:12:25.297] [main/DEBUG] [mixin/]: MixinPlatformAgentMinecraftForge rejected container SecureJarResource(minecraft)
[30kwi2025 16:12:25.297] [main/DEBUG] [mixin/]: Instancing new MixinPlatformAgentDefault for SecureJarResource(minecraft)
[30kwi2025 16:12:25.297] [main/DEBUG] [mixin/]: MixinPlatformAgentDefault accepted container SecureJarResource(minecraft)
[30kwi2025 16:12:25.299] [main/DEBUG] [mixin/]: Processing prepare() for PlatformAgent[MixinPlatformAgentDefault:SecureJarResource(minecraft)]
[30kwi2025 16:12:25.299] [main/DEBUG] [mixin/]: Adding mixin platform agents for container SecureJarResource(forge)
[30kwi2025 16:12:25.299] [main/DEBUG] [mixin/]: Instancing new MixinPlatformAgentMinecraftForge for SecureJarResource(forge)
[30kwi2025 16:12:25.299] [main/DEBUG] [mixin/]: MixinPlatformAgentMinecraftForge rejected container SecureJarResource(forge)
[30kwi2025 16:12:25.299] [main/DEBUG] [mixin/]: Instancing new MixinPlatformAgentDefault for SecureJarResource(forge)
[30kwi2025 16:12:25.299] [main/DEBUG] [mixin/]: MixinPlatformAgentDefault accepted container SecureJarResource(forge)
[30kwi2025 16:12:25.299] [main/DEBUG] [mixin/]: Processing prepare() for PlatformAgent[MixinPlatformAgentDefault:SecureJarResource(forge)]
[30kwi2025 16:12:25.300] [main/DEBUG] [mixin/]: Adding mixin platform agents for container SecureJarResource(tfc)
[30kwi2025 16:12:25.300] [main/DEBUG] [mixin/]: Instancing new MixinPlatformAgentMinecraftForge for SecureJarResource(tfc)
[30kwi2025 16:12:25.300] [main/DEBUG] [mixin/]: MixinPlatformAgentMinecraftForge rejected container SecureJarResource(tfc)
[30kwi2025 16:12:25.300] [main/DEBUG] [mixin/]: Instancing new MixinPlatformAgentDefault for SecureJarResource(tfc)
[30kwi2025 16:12:25.300] [main/DEBUG] [mixin/]: MixinPlatformAgentDefault accepted container SecureJarResource(tfc)
[30kwi2025 16:12:25.300] [main/DEBUG] [mixin/]: Processing prepare() for PlatformAgent[MixinPlatformAgentDefault:SecureJarResource(tfc)]
[30kwi2025 16:12:25.300] [main/DEBUG] [mixin/]: Registering mixin config: tfc.mixins.json
[30kwi2025 16:12:25.317] [main/DEBUG] [mixin/]: Compatibility level JAVA_17 specified by tfc.mixins.json is higher than the maximum level supported by this version of mixin (JAVA_13).
[30kwi2025 16:12:25.321] [main/INFO] [mixin/]: Compatibility level set to JAVA_17
[30kwi2025 16:12:25.321] [main/DEBUG] [mixin/]: Adding mixin platform agents for container SecureJarResource(patchouli)
[30kwi2025 16:12:25.322] [main/DEBUG] [mixin/]: Instancing new MixinPlatformAgentMinecraftForge for SecureJarResource(patchouli)
[30kwi2025 16:12:25.322] [main/DEBUG] [mixin/]: MixinPlatformAgentMinecraftForge rejected container SecureJarResource(patchouli)
[30kwi2025 16:12:25.322] [main/DEBUG] [mixin/]: Instancing new MixinPlatformAgentDefault for SecureJarResource(patchouli)
[30kwi2025 16:12:25.322] [main/DEBUG] [mixin/]: MixinPlatformAgentDefault accepted container SecureJarResource(patchouli)
[30kwi2025 16:12:25.322] [main/DEBUG] [mixin/]: Processing prepare() for PlatformAgent[MixinPlatformAgentDefault:SecureJarResource(patchouli)]
[30kwi2025 16:12:25.322] [main/DEBUG] [mixin/]: Registering mixin config: patchouli_xplat.mixins.json
[30kwi2025 16:12:25.325] [main/DEBUG] [mixin/]: Adding mixin platform agents for container SecureJarResource(kubastfca)
[30kwi2025 16:12:25.325] [main/DEBUG] [mixin/]: Instancing new MixinPlatformAgentMinecraftForge for SecureJarResource(kubastfca)
[30kwi2025 16:12:25.325] [main/DEBUG] [mixin/]: MixinPlatformAgentMinecraftForge rejected container SecureJarResource(kubastfca)
[30kwi2025 16:12:25.326] [main/DEBUG] [mixin/]: Instancing new MixinPlatformAgentDefault for SecureJarResource(kubastfca)
[30kwi2025 16:12:25.326] [main/DEBUG] [mixin/]: MixinPlatformAgentDefault accepted container SecureJarResource(kubastfca)
[30kwi2025 16:12:25.326] [main/DEBUG] [mixin/]: Processing prepare() for PlatformAgent[MixinPlatformAgentDefault:SecureJarResource(kubastfca)]
[30kwi2025 16:12:25.326] [main/DEBUG] [mixin/]: Adding mixin platform agents for container SecureJarResource(jei)
[30kwi2025 16:12:25.326] [main/DEBUG] [mixin/]: Instancing new MixinPlatformAgentMinecraftForge for SecureJarResource(jei)
[30kwi2025 16:12:25.326] [main/DEBUG] [mixin/]: MixinPlatformAgentMinecraftForge rejected container SecureJarResource(jei)
[30kwi2025 16:12:25.327] [main/DEBUG] [mixin/]: Instancing new MixinPlatformAgentDefault for SecureJarResource(jei)
[30kwi2025 16:12:25.327] [main/DEBUG] [mixin/]: MixinPlatformAgentDefault accepted container SecureJarResource(jei)
[30kwi2025 16:12:25.327] [main/DEBUG] [mixin/]: Processing prepare() for PlatformAgent[MixinPlatformAgentDefault:SecureJarResource(jei)]
[30kwi2025 16:12:25.327] [main/DEBUG] [mixin/]: inject() running with 7 agents
[30kwi2025 16:12:25.328] [main/DEBUG] [mixin/]: Processing inject() for PlatformAgent[MixinPlatformAgentDefault:ModLauncher Root Container(ModLauncher:4f56a0a2)]
[30kwi2025 16:12:25.328] [main/DEBUG] [mixin/]: Processing inject() for PlatformAgent[MixinPlatformAgentDefault:SecureJarResource(minecraft)]
[30kwi2025 16:12:25.328] [main/DEBUG] [mixin/]: Processing inject() for PlatformAgent[MixinPlatformAgentDefault:SecureJarResource(forge)]
[30kwi2025 16:12:25.328] [main/DEBUG] [mixin/]: Processing inject() for PlatformAgent[MixinPlatformAgentDefault:SecureJarResource(tfc)]
[30kwi2025 16:12:25.328] [main/DEBUG] [mixin/]: Processing inject() for PlatformAgent[MixinPlatformAgentDefault:SecureJarResource(patchouli)]
[30kwi2025 16:12:25.328] [main/DEBUG] [mixin/]: Processing inject() for PlatformAgent[MixinPlatformAgentDefault:SecureJarResource(kubastfca)]
[30kwi2025 16:12:25.328] [main/DEBUG] [mixin/]: Processing inject() for PlatformAgent[MixinPlatformAgentDefault:SecureJarResource(jei)]
[30kwi2025 16:12:25.329] [main/INFO] [cpw.mods.modlauncher.LaunchServiceHandler/MODLAUNCHER]: Launching target 'forgedatauserdev' with arguments [--gameDir, ., --assetsDir, C:\Users\kuba8\.gradle\caches\forge_gradle\assets, --assetIndex, 5, --mod, kubastfca, --all, --output, C:\Users\kuba8\Desktop\programowanie\mc modding\test4 current\src\generated\resources, --existing, C:\Users\kuba8\Desktop\programowanie\mc modding\test4 current\src\main\resources]
[30kwi2025 16:12:25.422] [main/DEBUG] [mixin/]: Error cleaning class output directory: .mixin.out
[30kwi2025 16:12:25.424] [main/DEBUG] [mixin/]: Preparing mixins for MixinEnvironment[DEFAULT]
[30kwi2025 16:12:25.424] [main/DEBUG] [mixin/]: Selecting config tfc.mixins.json
[30kwi2025 16:12:25.609] [main/INFO] [mixin/]: Remapping refMap tfc.refmap.json using C:\Users\kuba8\Desktop\programowanie\mc modding\test4 current\build\createSrgToMcp\output.srg
[30kwi2025 16:12:25.610] [main/DEBUG] [mixin/]: Selecting config patchouli_xplat.mixins.json
[30kwi2025 16:12:25.611] [main/INFO] [mixin/]: Remapping refMap patchouli.refmap.json using C:\Users\kuba8\Desktop\programowanie\mc modding\test4 current\build\createSrgToMcp\output.srg
[30kwi2025 16:12:25.612] [main/DEBUG] [mixin/]: Preparing tfc.mixins.json (76)
[30kwi2025 16:12:25.697] [main/DEBUG] [net.minecraftforge.coremod.transformer.CoreModBaseTransformer/COREMOD]: Transforming net/minecraft/world/level/biome/Biome
[30kwi2025 16:12:25.766] [main/DEBUG] [net.minecraftforge.coremod.transformer.CoreModBaseTransformer/COREMOD]: Transforming net/minecraft/world/item/ItemStack
[30kwi2025 16:12:25.847] [main/DEBUG] [net.minecraftforge.coremod.transformer.CoreModBaseTransformer/COREMOD]: Transforming net/minecraft/world/entity/animal/frog/Tadpole
[30kwi2025 16:12:26.031] [main/DEBUG] [net.minecraftforge.coremod.transformer.CoreModBaseTransformer/COREMOD]: Transforming net/minecraft/world/level/levelgen/structure/templatesystem/StructureTemplate
[30kwi2025 16:12:26.138] [main/WARN] [mixin/]: Error loading class: loaderCommon/forge/com/seibel/distanthorizons/common/wrappers/worldGeneration/mimicObject/ChunkLoader (java.lang.ClassNotFoundException: loaderCommon.forge.com.seibel.distanthorizons.common.wrappers.worldGeneration.mimicObject.ChunkLoader)
[30kwi2025 16:12:26.139] [main/DEBUG] [mixin/]: Skipping virtual target loaderCommon.forge.com.seibel.distanthorizons.common.wrappers.worldGeneration.mimicObject.ChunkLoader for tfc.mixins.json:compat.DHChunkLoaderMixin
[30kwi2025 16:12:26.234] [main/WARN] [mixin/]: Error loading class: me/jellysquid/mods/sodium/client/render/chunk/compile/pipeline/FluidRenderer (java.lang.ClassNotFoundException: me.jellysquid.mods.sodium.client.render.chunk.compile.pipeline.FluidRenderer)
[30kwi2025 16:12:26.234] [main/DEBUG] [mixin/]: Skipping virtual target me.jellysquid.mods.sodium.client.render.chunk.compile.pipeline.FluidRenderer for tfc.mixins.json:client.compat.sodium.FluidRendererMixin
[30kwi2025 16:12:26.234] [main/DEBUG] [mixin/]: Preparing patchouli_xplat.mixins.json (10)
[30kwi2025 16:12:26.263] [main/DEBUG] [mixin/]: Registering new injector for @Inject with org.spongepowered.asm.mixin.injection.struct.CallbackInjectionInfo
[30kwi2025 16:12:26.265] [main/DEBUG] [mixin/]: Registering new injector for @ModifyArg with org.spongepowered.asm.mixin.injection.struct.ModifyArgInjectionInfo
[30kwi2025 16:12:26.266] [main/DEBUG] [mixin/]: Registering new injector for @ModifyArgs with org.spongepowered.asm.mixin.injection.struct.ModifyArgsInjectionInfo
[30kwi2025 16:12:26.267] [main/DEBUG] [mixin/]: Registering new injector for @Redirect with org.spongepowered.asm.mixin.injection.struct.RedirectInjectionInfo
[30kwi2025 16:12:26.269] [main/DEBUG] [mixin/]: Registering new injector for @ModifyVariable with org.spongepowered.asm.mixin.injection.struct.ModifyVariableInjectionInfo
[30kwi2025 16:12:26.269] [main/DEBUG] [mixin/]: Registering new injector for @ModifyConstant with org.spongepowered.asm.mixin.injection.struct.ModifyConstantInjectionInfo
[30kwi2025 16:12:26.321] [main/DEBUG] [mixin/]: Prepared 84 mixins in 0,896 sec (10,7ms avg) (0ms load, 0ms transform, 0ms plugin)
[30kwi2025 16:12:26.707] [main/DEBUG] [io.netty.util.internal.logging.InternalLoggerFactory/]: Using SLF4J as the default logging framework
[30kwi2025 16:12:26.711] [main/DEBUG] [io.netty.util.ResourceLeakDetector/]: -Dio.netty.leakDetection.level: simple
[30kwi2025 16:12:26.711] [main/DEBUG] [io.netty.util.ResourceLeakDetector/]: -Dio.netty.leakDetection.targetRecords: 4
[30kwi2025 16:12:26.812] [main/INFO] [net.minecraftforge.data.loading.DatagenModLoader/]: Initializing Data Gatherer for mods [kubastfca]
[30kwi2025 16:12:26.882] [main/DEBUG] [mixin/]: Mixing accessor.BlockBehaviourAccessor from tfc.mixins.json into net.minecraft.world.level.block.state.BlockBehaviour
[30kwi2025 16:12:26.919] [main/DEBUG] [mixin/]: Mixing accessor.BlockStateBaseAccessor from tfc.mixins.json into net.minecraft.world.level.block.state.BlockBehaviour$BlockStateBase
[30kwi2025 16:12:26.940] [main/DEBUG] [mixin/]: Mixing EntityMixin from tfc.mixins.json into net.minecraft.world.entity.Entity
[30kwi2025 16:12:27.033] [main/DEBUG] [mixin/]: Mixing LevelMixin from tfc.mixins.json into net.minecraft.world.level.Level
[30kwi2025 16:12:27.079] [main/DEBUG] [mixin/]: Mixing ServerLevelMixin from tfc.mixins.json into net.minecraft.server.level.ServerLevel
[30kwi2025 16:12:27.120] [main/DEBUG] [mixin/]: Mixing PlayerMixin from tfc.mixins.json into net.minecraft.world.entity.player.Player
[30kwi2025 16:12:27.122] [main/DEBUG] [mixin/]: Mixing accessor.PlayerAccessor from tfc.mixins.json into net.minecraft.world.entity.player.Player
[30kwi2025 16:12:27.130] [main/DEBUG] [net.minecraftforge.coremod.transformer.CoreModBaseTransformer/COREMOD]: Transforming net/minecraft/world/entity/EntityType
[30kwi2025 16:12:27.216] [main/DEBUG] [mixin/]: Mixing accessor.ItemAccessor from tfc.mixins.json into net.minecraft.world.item.Item
[30kwi2025 16:12:27.241] [main/DEBUG] [net.minecraftforge.coremod.transformer.CoreModBaseTransformer/COREMOD]: Transforming net/minecraft/world/entity/EntityType
[30kwi2025 16:12:27.364] [main/DEBUG] [mixin/]: Mixing CreativeModeTabMixin from tfc.mixins.json into net.minecraft.world.item.CreativeModeTab
[30kwi2025 16:12:27.521] [main/DEBUG] [net.minecraftforge.coremod.transformer.CoreModBaseTransformer/COREMOD]: Transforming net/minecraft/world/level/block/LiquidBlock
[30kwi2025 16:12:27.525] [main/DEBUG] [mixin/]: Mixing FallingBlockMixin from tfc.mixins.json into net.minecraft.world.level.block.FallingBlock
[30kwi2025 16:12:27.541] [main/DEBUG] [mixin/]: Mixing accessor.DispenserBlockAccessor from tfc.mixins.json into net.minecraft.world.level.block.DispenserBlock
[30kwi2025 16:12:27.542] [main/DEBUG] [mixin/]: Renaming @Accessor method accessor$getDispenserRegistry()Ljava/util/Map; to accessor$getDispenserRegistry_$md$7c8dab$0 in tfc.mixins.json:accessor.DispenserBlockAccessor
[30kwi2025 16:12:27.562] [main/DEBUG] [net.minecraftforge.coremod.transformer.CoreModBaseTransformer/COREMOD]: Transforming net/minecraft/world/level/block/StairBlock
[30kwi2025 16:12:27.585] [main/DEBUG] [mixin/]: Mixing SnowLayerBlockMixin from tfc.mixins.json into net.minecraft.world.level.block.SnowLayerBlock
[30kwi2025 16:12:27.677] [main/DEBUG] [mixin/]: Mixing IceBlockMixin from tfc.mixins.json into net.minecraft.world.level.block.IceBlock
[30kwi2025 16:12:27.712] [main/DEBUG] [mixin/]: Mixing VineBlockMixin from tfc.mixins.json into net.minecraft.world.level.block.VineBlock
[30kwi2025 16:12:27.742] [main/DEBUG] [net.minecraftforge.coremod.transformer.CoreModBaseTransformer/COREMOD]: Transforming net/minecraft/world/level/block/FlowerPotBlock
[30kwi2025 16:12:27.881] [main/DEBUG] [mixin/]: Mixing FlowingFluidMixin from tfc.mixins.json into net.minecraft.world.level.material.FlowingFluid
[30kwi2025 16:12:27.882] [main/DEBUG] [mixin/]: Mixing accessor.FlowingFluidAccessor from tfc.mixins.json into net.minecraft.world.level.material.FlowingFluid
[30kwi2025 16:12:28.002] [main/DEBUG] [mixin/]: Mixing accessor.FallingBlockEntityAccessor from tfc.mixins.json into net.minecraft.world.entity.item.FallingBlockEntity
[30kwi2025 16:12:28.177] [main/DEBUG] [mixin/]: Mixing PistonBlockEntityMixin from tfc.mixins.json into net.minecraft.world.level.block.piston.PistonMovingBlockEntity
[30kwi2025 16:12:28.346] [main/DEBUG] [mixin/]: Mixing AbstractContainerMenuMixin from tfc.mixins.json into net.minecraft.world.inventory.AbstractContainerMenu
[30kwi2025 16:12:28.449] [main/DEBUG] [mixin/]: Mixing MobMixin from tfc.mixins.json into net.minecraft.world.entity.Mob
[30kwi2025 16:12:28.570] [main/DEBUG] [net.minecraftforge.coremod.transformer.CoreModBaseTransformer/COREMOD]: Transforming net/minecraft/world/item/ItemStack
[30kwi2025 16:12:28.571] [main/DEBUG] [mixin/]: Mixing ItemStackMixin from tfc.mixins.json into net.minecraft.world.item.ItemStack
[30kwi2025 16:12:29.382] [main/DEBUG] [net.minecraftforge.coremod.transformer.CoreModBaseTransformer/COREMOD]: Transforming net/minecraft/world/entity/animal/frog/Tadpole
[30kwi2025 16:12:29.405] [main/DEBUG] [mixin/]: Mixing TadpoleMixin from tfc.mixins.json into net.minecraft.world.entity.animal.frog.Tadpole
[30kwi2025 16:12:29.478] [main/DEBUG] [net.minecraftforge.coremod.transformer.CoreModBaseTransformer/COREMOD]: Transforming net/minecraft/world/item/BucketItem
[30kwi2025 16:12:29.484] [main/DEBUG] [mixin/]: Mixing MilkBucketItemMixin from tfc.mixins.json into net.minecraft.world.item.MilkBucketItem
[30kwi2025 16:12:30.292] [main/DEBUG] [net.minecraftforge.coremod.transformer.CoreModBaseTransformer/COREMOD]: Transforming net/minecraft/world/entity/monster/Spider
[30kwi2025 16:12:30.304] [main/DEBUG] [mixin/]: Mixing AbstractSkeletonMixin from tfc.mixins.json into net.minecraft.world.entity.monster.AbstractSkeleton
[30kwi2025 16:12:30.304] [main/DEBUG] [mixin/]: Renaming synthetic method lambda$inject$reassessWeaponGoal$1(Lnet/minecraft/world/entity/ai/goal/WrappedGoal;)Z to md7c8dab$lambda$inject$reassessWeaponGoal$1$0 in tfc.mixins.json:AbstractSkeletonMixin
[30kwi2025 16:12:30.304] [main/DEBUG] [mixin/]: Renaming synthetic method lambda$inject$reassessWeaponGoal$0(Lnet/minecraft/world/item/Item;)Z to md7c8dab$lambda$inject$reassessWeaponGoal$0$1 in tfc.mixins.json:AbstractSkeletonMixin
[30kwi2025 16:12:30.354] [main/DEBUG] [net.minecraftforge.coremod.transformer.CoreModBaseTransformer/COREMOD]: Transforming net/minecraft/world/entity/monster/Zombie
[30kwi2025 16:12:30.381] [main/DEBUG] [net.minecraftforge.coremod.transformer.CoreModBaseTransformer/COREMOD]: Transforming net/minecraft/world/entity/monster/ZombieVillager
[30kwi2025 16:12:30.430] [main/DEBUG] [net.minecraftforge.coremod.transformer.CoreModBaseTransformer/COREMOD]: Transforming net/minecraft/world/entity/monster/Evoker$EvokerSummonSpellGoal
[30kwi2025 16:12:30.495] [main/DEBUG] [mixin/]: Mixing accessor.HorseAccessor from tfc.mixins.json into net.minecraft.world.entity.animal.horse.Horse
[30kwi2025 16:12:30.534] [main/DEBUG] [mixin/]: Mixing accessor.OcelotAccessor from tfc.mixins.json into net.minecraft.world.entity.animal.Ocelot
[30kwi2025 16:12:30.589] [main/DEBUG] [net.minecraftforge.coremod.transformer.CoreModBaseTransformer/COREMOD]: Transforming net/minecraft/world/entity/animal/horse/SkeletonTrapGoal
[30kwi2025 16:12:30.600] [main/DEBUG] [net.minecraftforge.coremod.transformer.CoreModBaseTransformer/COREMOD]: Transforming net/minecraft/world/entity/monster/Strider
[30kwi2025 16:12:30.637] [main/DEBUG] [mixin/]: Mixing FriendlyByteBufMixin from tfc.mixins.json into net.minecraft.network.FriendlyByteBuf
[30kwi2025 16:12:30.677] [main/DEBUG] [mixin/]: Mixing SynchedEntityDataMixin from tfc.mixins.json into net.minecraft.network.syncher.SynchedEntityData
[30kwi2025 16:12:30.707] [main/DEBUG] [mixin/]: Mixing accessor.ChunkAccessAccessor from tfc.mixins.json into net.minecraft.world.level.chunk.ChunkAccess
[30kwi2025 16:12:30.714] [main/DEBUG] [mixin/]: Mixing LevelChunkMixin from tfc.mixins.json into net.minecraft.world.level.chunk.LevelChunk
[30kwi2025 16:12:30.741] [main/DEBUG] [net.minecraftforge.coremod.transformer.CoreModBaseTransformer/COREMOD]: Transforming net/minecraft/world/entity/npc/Villager
[30kwi2025 16:12:30.913] [main/DEBUG] [net.minecraftforge.coremod.transformer.CoreModBaseTransformer/COREMOD]: Transforming net/minecraft/world/effect/MobEffectInstance
[30kwi2025 16:12:31.137] [main/DEBUG] [mixin/]: Mixing HeightmapMixin from tfc.mixins.json into net.minecraft.world.level.levelgen.Heightmap$Types
[30kwi2025 16:12:31.139] [main/DEBUG] [mixin/]: Renaming synthetic method lambda$inject$init$0(Ljava/util/function/Predicate;Lnet/minecraft/world/level/block/state/BlockState;)Z to md7c8dab$lambda$inject$init$0$0 in tfc.mixins.json:HeightmapMixin
[30kwi2025 16:12:31.157] [main/DEBUG] [mixin/]: Mixing accessor.ChunkGeneratorAccessor from tfc.mixins.json into net.minecraft.world.level.chunk.ChunkGenerator
[30kwi2025 16:12:31.330] [main/DEBUG] [mixin/]: Mixing DimensionTypeMixin from tfc.mixins.json into net.minecraft.world.level.dimension.DimensionType
[30kwi2025 16:12:31.525] [main/DEBUG] [net.minecraftforge.coremod.transformer.CoreModBaseTransformer/COREMOD]: Transforming net/minecraft/world/level/levelgen/structure/Structure
[30kwi2025 16:12:31.553] [main/DEBUG] [net.minecraftforge.coremod.transformer.CoreModBaseTransformer/COREMOD]: Transforming net/minecraft/world/level/levelgen/structure/structures/OceanRuinPieces$OceanRuinPiece
[30kwi2025 16:12:31.558] [main/DEBUG] [net.minecraftforge.coremod.transformer.CoreModBaseTransformer/COREMOD]: Transforming net/minecraft/world/level/levelgen/structure/structures/SwampHutPiece
[30kwi2025 16:12:31.564] [main/DEBUG] [net.minecraftforge.coremod.transformer.CoreModBaseTransformer/COREMOD]: Transforming net/minecraft/world/level/levelgen/structure/structures/OceanMonumentPieces$OceanMonumentPiece
[30kwi2025 16:12:31.575] [main/DEBUG] [net.minecraftforge.coremod.transformer.CoreModBaseTransformer/COREMOD]: Transforming net/minecraft/world/level/levelgen/structure/structures/WoodlandMansionPieces$WoodlandMansionPiece
[30kwi2025 16:12:31.664] [main/DEBUG] [net.minecraftforge.coremod.transformer.CoreModBaseTransformer/COREMOD]: Transforming net/minecraft/world/level/biome/Biome
[30kwi2025 16:12:31.665] [main/DEBUG] [mixin/]: Mixing BiomeMixin from tfc.mixins.json into net.minecraft.world.level.biome.Biome
[30kwi2025 16:12:31.665] [main/DEBUG] [mixin/]: Mixing accessor.BiomeAccessor from tfc.mixins.json into net.minecraft.world.level.biome.Biome
[30kwi2025 16:12:31.858] [main/DEBUG] [net.minecraftforge.registries.GameData/REGISTRIES]: Creating vanilla freeze snapshot
[30kwi2025 16:12:31.860] [main/DEBUG] [net.minecraftforge.registries.ForgeRegistry/REGISTRIES]: Registry minecraft:block Sync: VANILLA -> ACTIVE
[30kwi2025 16:12:31.871] [main/DEBUG] [net.minecraftforge.registries.ForgeRegistry/REGISTRIES]: Registry minecraft:fluid Sync: VANILLA -> ACTIVE
[30kwi2025 16:12:31.871] [main/DEBUG] [net.minecraftforge.registries.ForgeRegistry/REGISTRIES]: Registry minecraft:item Sync: VANILLA -> ACTIVE
[30kwi2025 16:12:31.879] [main/DEBUG] [net.minecraftforge.registries.ForgeRegistry/REGISTRIES]: Registry minecraft:mob_effect Sync: VANILLA -> ACTIVE
[30kwi2025 16:12:31.880] [main/DEBUG] [net.minecraftforge.registries.ForgeRegistry/REGISTRIES]: Registry minecraft:sound_event Sync: VANILLA -> ACTIVE
[30kwi2025 16:12:31.891] [main/DEBUG] [net.minecraftforge.registries.ForgeRegistry/REGISTRIES]: Registry minecraft:potion Sync: VANILLA -> ACTIVE
[30kwi2025 16:12:31.891] [main/DEBUG] [net.minecraftforge.registries.ForgeRegistry/REGISTRIES]: Registry minecraft:enchantment Sync: VANILLA -> ACTIVE
[30kwi2025 16:12:31.892] [main/DEBUG] [net.minecraftforge.registries.ForgeRegistry/REGISTRIES]: Registry minecraft:entity_type Sync: VANILLA -> ACTIVE
[30kwi2025 16:12:31.895] [main/DEBUG] [net.minecraftforge.registries.ForgeRegistry/REGISTRIES]: Registry minecraft:block_entity_type Sync: VANILLA -> ACTIVE
[30kwi2025 16:12:31.896] [main/DEBUG] [net.minecraftforge.registries.ForgeRegistry/REGISTRIES]: Registry minecraft:particle_type Sync: VANILLA -> ACTIVE
[30kwi2025 16:12:31.900] [main/DEBUG] [net.minecraftforge.registries.ForgeRegistry/REGISTRIES]: Registry minecraft:menu Sync: VANILLA -> ACTIVE
[30kwi2025 16:12:31.900] [main/DEBUG] [net.minecraftforge.registries.ForgeRegistry/REGISTRIES]: Registry minecraft:painting_variant Sync: VANILLA -> ACTIVE
[30kwi2025 16:12:31.900] [main/DEBUG] [net.minecraftforge.registries.ForgeRegistry/REGISTRIES]: Registry minecraft:recipe_type Sync: VANILLA -> ACTIVE
[30kwi2025 16:12:31.901] [main/DEBUG] [net.minecraftforge.registries.ForgeRegistry/REGISTRIES]: Registry minecraft:recipe_serializer Sync: VANILLA -> ACTIVE
[30kwi2025 16:12:31.901] [main/DEBUG] [net.minecraftforge.registries.ForgeRegistry/REGISTRIES]: Registry minecraft:attribute Sync: VANILLA -> ACTIVE
[30kwi2025 16:12:31.901] [main/DEBUG] [net.minecraftforge.registries.ForgeRegistry/REGISTRIES]: Registry minecraft:stat_type Sync: VANILLA -> ACTIVE
[30kwi2025 16:12:31.901] [main/DEBUG] [net.minecraftforge.registries.ForgeRegistry/REGISTRIES]: Registry minecraft:command_argument_type Sync: VANILLA -> ACTIVE
[30kwi2025 16:12:31.902] [main/DEBUG] [net.minecraftforge.registries.ForgeRegistry/REGISTRIES]: Registry minecraft:villager_profession Sync: VANILLA -> ACTIVE
[30kwi2025 16:12:31.903] [main/DEBUG] [net.minecraftforge.registries.ForgeRegistry/REGISTRIES]: Registry minecraft:point_of_interest_type Sync: VANILLA -> ACTIVE
[30kwi2025 16:12:31.905] [main/DEBUG] [net.minecraftforge.registries.ForgeRegistry/REGISTRIES]: Registry minecraft:memory_module_type Sync: VANILLA -> ACTIVE
[30kwi2025 16:12:31.906] [main/DEBUG] [net.minecraftforge.registries.ForgeRegistry/REGISTRIES]: Registry minecraft:sensor_type Sync: VANILLA -> ACTIVE
[30kwi2025 16:12:31.907] [main/DEBUG] [net.minecraftforge.registries.ForgeRegistry/REGISTRIES]: Registry minecraft:schedule Sync: VANILLA -> ACTIVE
[30kwi2025 16:12:31.907] [main/DEBUG] [net.minecraftforge.registries.ForgeRegistry/REGISTRIES]: Registry minecraft:activity Sync: VANILLA -> ACTIVE
[30kwi2025 16:12:31.907] [main/DEBUG] [net.minecraftforge.registries.ForgeRegistry/REGISTRIES]: Registry minecraft:worldgen/carver Sync: VANILLA -> ACTIVE
[30kwi2025 16:12:31.911] [main/DEBUG] [net.minecraftforge.registries.ForgeRegistry/REGISTRIES]: Registry minecraft:worldgen/feature Sync: VANILLA -> ACTIVE
[30kwi2025 16:12:31.911] [main/DEBUG] [net.minecraftforge.registries.ForgeRegistry/REGISTRIES]: Registry minecraft:chunk_status Sync: VANILLA -> ACTIVE
[30kwi2025 16:12:31.915] [main/DEBUG] [net.minecraftforge.registries.ForgeRegistry/REGISTRIES]: Registry minecraft:worldgen/block_state_provider_type Sync: VANILLA -> ACTIVE
[30kwi2025 16:12:31.915] [main/DEBUG] [net.minecraftforge.registries.ForgeRegistry/REGISTRIES]: Registry minecraft:worldgen/foliage_placer_type Sync: VANILLA -> ACTIVE
[30kwi2025 16:12:31.915] [main/DEBUG] [net.minecraftforge.registries.ForgeRegistry/REGISTRIES]: Registry minecraft:worldgen/tree_decorator_type Sync: VANILLA -> ACTIVE
[30kwi2025 16:12:31.916] [main/DEBUG] [net.minecraftforge.registries.ForgeRegistry/REGISTRIES]: Registry minecraft:worldgen/biome Sync: VANILLA -> ACTIVE
[30kwi2025 16:12:31.922] [main/DEBUG] [net.minecraftforge.registries.GameData/REGISTRIES]: Vanilla freeze snapshot created
[30kwi2025 16:12:31.982] [main/DEBUG] [net.minecraftforge.fml.ModWorkManager/LOADING]: Using 16 threads for parallel mod-loading
[30kwi2025 16:12:31.997] [main/DEBUG] [net.minecraftforge.fml.javafmlmod.FMLJavaModLanguageProvider/LOADING]: Loading FMLModContainer from classloader cpw.mods.modlauncher.TransformingClassLoader@78a515e4 - got cpw.mods.cl.ModuleClassLoader@46c00568
[30kwi2025 16:12:31.997] [main/DEBUG] [net.minecraftforge.fml.javafmlmod.FMLModContainer/LOADING]: Creating FMLModContainer instance for net.minecraftforge.common.ForgeMod
[30kwi2025 16:12:32.007] [main/DEBUG] [net.minecraftforge.fml.javafmlmod.FMLJavaModLanguageProvider/LOADING]: Loading FMLModContainer from classloader cpw.mods.modlauncher.TransformingClassLoader@78a515e4 - got cpw.mods.cl.ModuleClassLoader@46c00568
[30kwi2025 16:12:32.007] [main/DEBUG] [net.minecraftforge.fml.javafmlmod.FMLModContainer/LOADING]: Creating FMLModContainer instance for net.dries007.tfc.TerraFirmaCraft
[30kwi2025 16:12:32.008] [main/DEBUG] [net.minecraftforge.fml.javafmlmod.FMLJavaModLanguageProvider/LOADING]: Loading FMLModContainer from classloader cpw.mods.modlauncher.TransformingClassLoader@78a515e4 - got cpw.mods.cl.ModuleClassLoader@46c00568
[30kwi2025 16:12:32.008] [main/DEBUG] [net.minecraftforge.fml.javafmlmod.FMLModContainer/LOADING]: Creating FMLModContainer instance for vazkii.patchouli.forge.common.ForgeModInitializer
[30kwi2025 16:12:32.009] [main/DEBUG] [net.minecraftforge.fml.javafmlmod.FMLJavaModLanguageProvider/LOADING]: Loading FMLModContainer from classloader cpw.mods.modlauncher.TransformingClassLoader@78a515e4 - got cpw.mods.cl.ModuleClassLoader@46c00568
[30kwi2025 16:12:32.009] [main/DEBUG] [net.minecraftforge.fml.javafmlmod.FMLModContainer/LOADING]: Creating FMLModContainer instance for net.kuba807.kubastfca.kubastfca
[30kwi2025 16:12:32.010] [main/DEBUG] [net.minecraftforge.fml.javafmlmod.FMLJavaModLanguageProvider/LOADING]: Loading FMLModContainer from classloader cpw.mods.modlauncher.TransformingClassLoader@78a515e4 - got cpw.mods.cl.ModuleClassLoader@46c00568
[30kwi2025 16:12:32.011] [main/DEBUG] [net.minecraftforge.fml.javafmlmod.FMLModContainer/LOADING]: Creating FMLModContainer instance for mezz.jei.forge.JustEnoughItems
[30kwi2025 16:12:32.059] [modloading-worker-0/INFO] [net.dries007.tfc.TerraFirmaCraft/]: Initializing TerraFirmaCraft
[30kwi2025 16:12:32.059] [modloading-worker-0/INFO] [net.dries007.tfc.TerraFirmaCraft/]: Options: Assertions Enabled = false, Boostrap = false, Test = false, Debug Logging = true
[30kwi2025 16:12:32.070] [modloading-worker-0/DEBUG] [net.minecraftforge.versions.forge.ForgeVersion/CORE]: Forge Version package package net.minecraftforge.versions.forge, Forge, version 47.3 from cpw.mods.modlauncher.TransformingClassLoader@78a515e4
[30kwi2025 16:12:32.071] [modloading-worker-0/DEBUG] [net.minecraftforge.versions.forge.ForgeVersion/CORE]: Found Forge version 47.3.0
[30kwi2025 16:12:32.071] [modloading-worker-0/DEBUG] [net.minecraftforge.versions.forge.ForgeVersion/CORE]: Found Forge spec 47.3
[30kwi2025 16:12:32.071] [modloading-worker-0/DEBUG] [net.minecraftforge.versions.forge.ForgeVersion/CORE]: Found Forge group net.minecraftforge
[30kwi2025 16:12:32.072] [modloading-worker-0/DEBUG] [net.minecraftforge.versions.mcp.MCPVersion/CORE]: MCP Version package package net.minecraftforge.versions.mcp, Minecraft, version 1.20.1 from cpw.mods.modlauncher.TransformingClassLoader@78a515e4
[30kwi2025 16:12:32.072] [modloading-worker-0/DEBUG] [net.minecraftforge.versions.mcp.MCPVersion/CORE]: Found MC version information 1.20.1
[30kwi2025 16:12:32.072] [modloading-worker-0/DEBUG] [net.minecraftforge.versions.mcp.MCPVersion/CORE]: Found MCP version information 20230612.114412
[30kwi2025 16:12:32.072] [modloading-worker-0/INFO] [net.minecraftforge.common.ForgeMod/FORGEMOD]: Forge mod loading, version 47.3.0, for MC 1.20.1 with MCP 20230612.114412
[30kwi2025 16:12:32.073] [modloading-worker-0/INFO] [net.minecraftforge.common.MinecraftForge/FORGE]: MinecraftForge v47.3.0 Initialized
[30kwi2025 16:12:32.075] [modloading-worker-0/DEBUG] [net.minecraftforge.fml.config.ConfigTracker/CONFIG]: Config file jei-server.toml for jei tracking
[30kwi2025 16:12:32.075] [modloading-worker-0/DEBUG] [net.minecraftforge.fml.config.ConfigTracker/CONFIG]: Config file patchouli-client.toml for patchouli tracking
[30kwi2025 16:12:32.081] [modloading-worker-0/DEBUG] [net.minecraftforge.fml.javafmlmod.AutomaticEventSubscriber/LOADING]: Attempting to inject @EventBusSubscriber classes into the eventbus for patchouli
[30kwi2025 16:12:32.090] [modloading-worker-0/DEBUG] [net.minecraftforge.fml.javafmlmod.AutomaticEventSubscriber/LOADING]: Auto-subscribing vazkii.patchouli.forge.common.ForgeModInitializer to MOD
[30kwi2025 16:12:32.100] [modloading-worker-0/DEBUG] [net.minecraftforge.fml.javafmlmod.AutomaticEventSubscriber/LOADING]: Auto-subscribing vazkii.patchouli.forge.client.ForgeClientInitializer to MOD
[30kwi2025 16:12:32.143] [modloading-worker-0/DEBUG] [mixin/]: Mixing client.AccessorKeyMapping from patchouli_xplat.mixins.json into net.minecraft.client.KeyMapping
[30kwi2025 16:12:32.144] [modloading-worker-0/DEBUG] [mixin/]: Renaming @Accessor method getAllKeyMappings()Ljava/util/Map; to getAllKeyMappings_$md$7c8dab$0 in patchouli_xplat.mixins.json:client.AccessorKeyMapping
[30kwi2025 16:12:32.170] [modloading-worker-0/DEBUG] [net.minecraftforge.fml.javafmlmod.AutomaticEventSubscriber/LOADING]: Attempting to inject @EventBusSubscriber classes into the eventbus for kubastfca
[30kwi2025 16:12:32.171] [modloading-worker-0/DEBUG] [net.minecraftforge.fml.javafmlmod.AutomaticEventSubscriber/LOADING]: Auto-subscribing net.kuba807.kubastfca.kubastfca$ClientModEvents to MOD
[30kwi2025 16:12:32.180] [modloading-worker-0/DEBUG] [mixin/]: Mixing client.MultiPlayerGameModeMixin from tfc.mixins.json into net.minecraft.client.multiplayer.MultiPlayerGameMode
[30kwi2025 16:12:32.180] [modloading-worker-0/DEBUG] [mixin/]: Renaming synthetic method lambda$inject$useItemOn$0(Lnet/minecraft/client/player/LocalPlayer;Lnet/minecraft/world/item/ItemStack;ILorg/spongepowered/asm/mixin/injection/callback/CallbackInfoReturnable;Lnet/minecraft/world/InteractionResult;)V to md7c8dab$lambda$inject$useItemOn$0$0 in tfc.mixins.json:client.MultiPlayerGameModeMixin
[30kwi2025 16:12:32.198] [modloading-worker-0/DEBUG] [mezz.jei.common.platform.Services/]: Loaded mezz.jei.forge.platform.PlatformHelper@67c053e4 for service interface mezz.jei.common.platform.IPlatformHelper
[30kwi2025 16:12:32.199] [modloading-worker-0/DEBUG] [mixin/]: Mixing client.accessor.LocalPlayerAccessor from tfc.mixins.json into net.minecraft.client.player.LocalPlayer
[30kwi2025 16:12:32.257] [modloading-worker-0/DEBUG] [mixin/]: Mixing client.MinecraftMixin from tfc.mixins.json into net.minecraft.client.Minecraft
[30kwi2025 16:12:32.265] [modloading-worker-0/DEBUG] [io.netty.util.internal.PlatformDependent0/]: -Dio.netty.noUnsafe: false
[30kwi2025 16:12:32.266] [modloading-worker-0/DEBUG] [io.netty.util.internal.PlatformDependent0/]: Java version: 17
[30kwi2025 16:12:32.267] [modloading-worker-0/DEBUG] [io.netty.util.internal.PlatformDependent0/]: sun.misc.Unsafe.theUnsafe: available
[30kwi2025 16:12:32.269] [modloading-worker-0/DEBUG] [io.netty.util.internal.PlatformDependent0/]: sun.misc.Unsafe.copyMemory: available
[30kwi2025 16:12:32.269] [modloading-worker-0/DEBUG] [io.netty.util.internal.PlatformDependent0/]: sun.misc.Unsafe.storeFence: available
[30kwi2025 16:12:32.269] [modloading-worker-0/DEBUG] [io.netty.util.internal.PlatformDependent0/]: java.nio.Buffer.address: available
[30kwi2025 16:12:32.270] [modloading-worker-0/DEBUG] [io.netty.util.internal.PlatformDependent0/]: direct buffer constructor: unavailable
java.lang.UnsupportedOperationException: Reflective setAccessible(true) disabled
	at io.netty.util.internal.ReflectionUtil.trySetAccessible(ReflectionUtil.java:31) ~[netty-common-4.1.82.Final.jar%23151!/:4.1.82.Final]
	at io.netty.util.internal.PlatformDependent0$5.run(PlatformDependent0.java:288) ~[netty-common-4.1.82.Final.jar%23151!/:4.1.82.Final]
	at java.security.AccessController.doPrivileged(AccessController.java:318) ~[?:?]
	at io.netty.util.internal.PlatformDependent0.<clinit>(PlatformDependent0.java:282) ~[netty-common-4.1.82.Final.jar%23151!/:4.1.82.Final]
	at io.netty.util.internal.PlatformDependent.isAndroid(PlatformDependent.java:333) ~[netty-common-4.1.82.Final.jar%23151!/:4.1.82.Final]
	at io.netty.util.internal.PlatformDependent.<clinit>(PlatformDependent.java:88) ~[netty-common-4.1.82.Final.jar%23151!/:4.1.82.Final]
	at io.netty.util.ConstantPool.<init>(ConstantPool.java:34) ~[netty-common-4.1.82.Final.jar%23151!/:4.1.82.Final]
	at io.netty.util.AttributeKey$1.<init>(AttributeKey.java:27) ~[netty-common-4.1.82.Final.jar%23151!/:4.1.82.Final]
	at io.netty.util.AttributeKey.<clinit>(AttributeKey.java:27) ~[netty-common-4.1.82.Final.jar%23151!/:4.1.82.Final]
	at net.minecraftforge.network.NetworkConstants.<clinit>(NetworkConstants.java:34) ~[forge-1.20.1-47.3.0_mapped_parchment_2023.09.03-1.20.1.jar%23190%23197!/:?]
	at net.minecraftforge.common.ForgeMod.<init>(ForgeMod.java:429) ~[forge-1.20.1-47.3.0_mapped_parchment_2023.09.03-1.20.1.jar%23190%23197!/:?]
	at jdk.internal.reflect.NativeConstructorAccessorImpl.newInstance0(Native Method) ~[?:?]
	at jdk.internal.reflect.NativeConstructorAccessorImpl.newInstance(NativeConstructorAccessorImpl.java:77) ~[?:?]
	at jdk.internal.reflect.DelegatingConstructorAccessorImpl.newInstance(DelegatingConstructorAccessorImpl.java:45) ~[?:?]
	at java.lang.reflect.Constructor.newInstanceWithCaller(Constructor.java:499) ~[?:?]
	at java.lang.reflect.Constructor.newInstance(Constructor.java:480) ~[?:?]
	at net.minecraftforge.fml.javafmlmod.FMLModContainer.constructMod(FMLModContainer.java:70) ~[javafmllanguage-1.20.1-47.3.0.jar%23192!/:?]
	at net.minecraftforge.fml.ModContainer.lambda$buildTransitionHandler$4(ModContainer.java:124) ~[fmlcore-1.20.1-47.3.0.jar%23195!/:?]
	at java.util.concurrent.CompletableFuture$AsyncRun.run(CompletableFuture.java:1804) ~[?:?]
	at java.util.concurrent.CompletableFuture$AsyncRun.exec(CompletableFuture.java:1796) ~[?:?]
	at java.util.concurrent.ForkJoinTask.doExec(ForkJoinTask.java:373) ~[?:?]
	at java.util.concurrent.ForkJoinPool$WorkQueue.topLevelExec(ForkJoinPool.java:1182) ~[?:?]
	at java.util.concurrent.ForkJoinPool.scan(ForkJoinPool.java:1655) ~[?:?]
	at java.util.concurrent.ForkJoinPool.runWorker(ForkJoinPool.java:1622) ~[?:?]
	at java.util.concurrent.ForkJoinWorkerThread.run(ForkJoinWorkerThread.java:165) ~[?:?]
[30kwi2025 16:12:32.291] [modloading-worker-0/DEBUG] [io.netty.util.internal.PlatformDependent0/]: java.nio.Bits.unaligned: available, true
[30kwi2025 16:12:32.292] [modloading-worker-0/DEBUG] [io.netty.util.internal.PlatformDependent0/]: jdk.internal.misc.Unsafe.allocateUninitializedArray(int): unavailable
java.lang.IllegalAccessException: class io.netty.util.internal.PlatformDependent0$7 (in module io.netty.common) cannot access class jdk.internal.misc.Unsafe (in module java.base) because module java.base does not export jdk.internal.misc to module io.netty.common
	at jdk.internal.reflect.Reflection.newIllegalAccessException(Reflection.java:392) ~[?:?]
	at java.lang.reflect.AccessibleObject.checkAccess(AccessibleObject.java:674) ~[?:?]
	at java.lang.reflect.Method.invoke(Method.java:560) ~[?:?]
	at io.netty.util.internal.PlatformDependent0$7.run(PlatformDependent0.java:410) ~[netty-common-4.1.82.Final.jar%23151!/:4.1.82.Final]
	at java.security.AccessController.doPrivileged(AccessController.java:318) ~[?:?]
	at io.netty.util.internal.PlatformDependent0.<clinit>(PlatformDependent0.java:401) ~[netty-common-4.1.82.Final.jar%23151!/:4.1.82.Final]
	at io.netty.util.internal.PlatformDependent.isAndroid(PlatformDependent.java:333) ~[netty-common-4.1.82.Final.jar%23151!/:4.1.82.Final]
	at io.netty.util.internal.PlatformDependent.<clinit>(PlatformDependent.java:88) ~[netty-common-4.1.82.Final.jar%23151!/:4.1.82.Final]
	at io.netty.util.ConstantPool.<init>(ConstantPool.java:34) ~[netty-common-4.1.82.Final.jar%23151!/:4.1.82.Final]
	at io.netty.util.AttributeKey$1.<init>(AttributeKey.java:27) ~[netty-common-4.1.82.Final.jar%23151!/:4.1.82.Final]
	at io.netty.util.AttributeKey.<clinit>(AttributeKey.java:27) ~[netty-common-4.1.82.Final.jar%23151!/:4.1.82.Final]
	at net.minecraftforge.network.NetworkConstants.<clinit>(NetworkConstants.java:34) ~[forge-1.20.1-47.3.0_mapped_parchment_2023.09.03-1.20.1.jar%23190%23197!/:?]
	at net.minecraftforge.common.ForgeMod.<init>(ForgeMod.java:429) ~[forge-1.20.1-47.3.0_mapped_parchment_2023.09.03-1.20.1.jar%23190%23197!/:?]
	at jdk.internal.reflect.NativeConstructorAccessorImpl.newInstance0(Native Method) ~[?:?]
	at jdk.internal.reflect.NativeConstructorAccessorImpl.newInstance(NativeConstructorAccessorImpl.java:77) ~[?:?]
	at jdk.internal.reflect.DelegatingConstructorAccessorImpl.newInstance(DelegatingConstructorAccessorImpl.java:45) ~[?:?]
	at java.lang.reflect.Constructor.newInstanceWithCaller(Constructor.java:499) ~[?:?]
	at java.lang.reflect.Constructor.newInstance(Constructor.java:480) ~[?:?]
	at net.minecraftforge.fml.javafmlmod.FMLModContainer.constructMod(FMLModContainer.java:70) ~[javafmllanguage-1.20.1-47.3.0.jar%23192!/:?]
	at net.minecraftforge.fml.ModContainer.lambda$buildTransitionHandler$4(ModContainer.java:124) ~[fmlcore-1.20.1-47.3.0.jar%23195!/:?]
	at java.util.concurrent.CompletableFuture$AsyncRun.run(CompletableFuture.java:1804) ~[?:?]
	at java.util.concurrent.CompletableFuture$AsyncRun.exec(CompletableFuture.java:1796) ~[?:?]
	at java.util.concurrent.ForkJoinTask.doExec(ForkJoinTask.java:373) ~[?:?]
	at java.util.concurrent.ForkJoinPool$WorkQueue.topLevelExec(ForkJoinPool.java:1182) ~[?:?]
	at java.util.concurrent.ForkJoinPool.scan(ForkJoinPool.java:1655) ~[?:?]
	at java.util.concurrent.ForkJoinPool.runWorker(ForkJoinPool.java:1622) ~[?:?]
	at java.util.concurrent.ForkJoinWorkerThread.run(ForkJoinWorkerThread.java:165) ~[?:?]
[30kwi2025 16:12:32.294] [modloading-worker-0/DEBUG] [io.netty.util.internal.PlatformDependent0/]: java.nio.DirectByteBuffer.<init>(long, int): unavailable
[30kwi2025 16:12:32.294] [modloading-worker-0/DEBUG] [io.netty.util.internal.PlatformDependent/]: sun.misc.Unsafe: available
[30kwi2025 16:12:32.295] [modloading-worker-0/DEBUG] [io.netty.util.internal.PlatformDependent/]: maxDirectMemory: 8568963072 bytes (maybe)
[30kwi2025 16:12:32.296] [modloading-worker-0/DEBUG] [io.netty.util.internal.PlatformDependent/]: -Dio.netty.tmpdir: C:\Users\kuba8\AppData\Local\Temp (java.io.tmpdir)
[30kwi2025 16:12:32.296] [modloading-worker-0/DEBUG] [io.netty.util.internal.PlatformDependent/]: -Dio.netty.bitMode: 64 (sun.arch.data.model)
[30kwi2025 16:12:32.296] [modloading-worker-0/DEBUG] [io.netty.util.internal.PlatformDependent/]: Platform: Windows
[30kwi2025 16:12:32.297] [modloading-worker-0/DEBUG] [io.netty.util.internal.PlatformDependent/]: -Dio.netty.maxDirectMemory: -1 bytes
[30kwi2025 16:12:32.297] [modloading-worker-0/DEBUG] [io.netty.util.internal.PlatformDependent/]: -Dio.netty.uninitializedArrayAllocationThreshold: -1
[30kwi2025 16:12:32.297] [modloading-worker-0/DEBUG] [io.netty.util.internal.CleanerJava9/]: java.nio.ByteBuffer.cleaner(): available
[30kwi2025 16:12:32.299] [modloading-worker-0/DEBUG] [io.netty.util.internal.PlatformDependent/]: -Dio.netty.noPreferDirect: false
[30kwi2025 16:12:32.343] [modloading-worker-0/DEBUG] [mixin/]: Mixing client.AccessorScreen from patchouli_xplat.mixins.json into net.minecraft.client.gui.screens.Screen
[30kwi2025 16:12:32.366] [modloading-worker-0/DEBUG] [net.minecraftforge.common.ForgeMod/FORGEMOD]: Loading Network data for FML net version: FML3
[30kwi2025 16:12:32.379] [modloading-worker-0/DEBUG] [net.minecraftforge.fml.config.ConfigTracker/CONFIG]: Config file forge-client.toml for forge tracking
[30kwi2025 16:12:32.379] [modloading-worker-0/DEBUG] [net.minecraftforge.fml.config.ConfigTracker/CONFIG]: Config file forge-server.toml for forge tracking
[30kwi2025 16:12:32.380] [modloading-worker-0/DEBUG] [net.minecraftforge.fml.ModLoadingContext/]: Attempted to register an empty config for type COMMON on mod forge
[30kwi2025 16:12:32.399] [modloading-worker-0/DEBUG] [mixin/]: Mixing client.ClientLevelMixin from tfc.mixins.json into net.minecraft.client.multiplayer.ClientLevel
[30kwi2025 16:12:32.399] [modloading-worker-0/DEBUG] [mixin/]: Renaming synthetic method lambda$getSkyColorWithColormap$0(III)Lnet/minecraft/world/phys/Vec3; to md7c8dab$lambda$getSkyColorWithColormap$0$0 in tfc.mixins.json:client.ClientLevelMixin
[30kwi2025 16:12:32.437] [modloading-worker-0/DEBUG] [mixin/]: Mixing client.MixinInventoryScreen from patchouli_xplat.mixins.json into net.minecraft.client.gui.screens.inventory.InventoryScreen
[30kwi2025 16:12:32.467] [modloading-worker-0/DEBUG] [net.minecraftforge.fml.javafmlmod.AutomaticEventSubscriber/LOADING]: Attempting to inject @EventBusSubscriber classes into the eventbus for forge
[30kwi2025 16:12:32.468] [modloading-worker-0/DEBUG] [net.minecraftforge.fml.javafmlmod.AutomaticEventSubscriber/LOADING]: Auto-subscribing net.minecraftforge.common.ForgeSpawnEggItem$CommonHandler to MOD
[30kwi2025 16:12:32.469] [modloading-worker-0/DEBUG] [net.minecraftforge.fml.javafmlmod.AutomaticEventSubscriber/LOADING]: Auto-subscribing net.minecraftforge.common.ForgeSpawnEggItem$ColorRegisterHandler to MOD
[30kwi2025 16:12:32.470] [modloading-worker-0/DEBUG] [mixin/]: Mixing client.ItemColorsMixin from tfc.mixins.json into net.minecraft.client.color.item.ItemColors
[30kwi2025 16:12:32.471] [modloading-worker-0/DEBUG] [mixin/]: Mixing client.compat.sodium.ItemColorsMixin from tfc.mixins.json into net.minecraft.client.color.item.ItemColors
[30kwi2025 16:12:32.472] [modloading-worker-0/DEBUG] [mixin/]: Renaming synthetic method lambda$getColorProviderWithRottenFood$0(Lnet/minecraft/world/item/ItemStack;I)I to md7c8dab$lambda$getColorProviderWithRottenFood$0$0 in tfc.mixins.json:client.compat.sodium.ItemColorsMixin
[30kwi2025 16:12:32.485] [modloading-worker-0/DEBUG] [net.minecraftforge.fml.javafmlmod.AutomaticEventSubscriber/LOADING]: Auto-subscribing net.minecraftforge.client.model.data.ModelDataManager to FORGE
[30kwi2025 16:12:32.487] [modloading-worker-0/DEBUG] [net.minecraftforge.fml.javafmlmod.AutomaticEventSubscriber/LOADING]: Auto-subscribing net.minecraftforge.client.ForgeHooksClient$ClientEvents to MOD
[30kwi2025 16:12:32.495] [modloading-worker-0/DEBUG] [net.minecraftforge.fml.javafmlmod.AutomaticEventSubscriber/LOADING]: Auto-subscribing net.minecraftforge.client.ClientForgeMod to MOD
[30kwi2025 16:12:32.665] [modloading-worker-0/DEBUG] [mezz.jei.common.config.file.ConfigSerializer/]: Loading config file: C:\Users\kuba8\Desktop\programowanie\mc modding\test4 current\run-data\config\jei\jei-debug.ini
[30kwi2025 16:12:32.667] [modloading-worker-0/DEBUG] [mezz.jei.common.config.file.ConfigSerializer/]: Saving config file: C:\Users\kuba8\Desktop\programowanie\mc modding\test4 current\run-data\config\jei\jei-debug.ini
[30kwi2025 16:12:32.675] [modloading-worker-0/DEBUG] [mezz.jei.common.config.file.ConfigSerializer/]: Loading config file: C:\Users\kuba8\Desktop\programowanie\mc modding\test4 current\run-data\config\jei\jei-mod-id-format.ini
[30kwi2025 16:12:32.677] [modloading-worker-0/DEBUG] [mezz.jei.common.config.file.ConfigSerializer/]: Saving config file: C:\Users\kuba8\Desktop\programowanie\mc modding\test4 current\run-data\config\jei\jei-mod-id-format.ini
[30kwi2025 16:12:32.682] [modloading-worker-0/DEBUG] [mezz.jei.common.config.file.ConfigSerializer/]: Loading config file: C:\Users\kuba8\Desktop\programowanie\mc modding\test4 current\run-data\config\jei\jei-colors.ini
[30kwi2025 16:12:32.684] [modloading-worker-0/DEBUG] [mezz.jei.common.config.file.ConfigSerializer/]: Saving config file: C:\Users\kuba8\Desktop\programowanie\mc modding\test4 current\run-data\config\jei\jei-colors.ini
[30kwi2025 16:12:32.691] [modloading-worker-0/DEBUG] [mezz.jei.common.config.file.ConfigSerializer/]: Loading config file: C:\Users\kuba8\Desktop\programowanie\mc modding\test4 current\run-data\config\jei\jei-client.ini
[30kwi2025 16:12:32.693] [modloading-worker-0/DEBUG] [mezz.jei.common.config.file.ConfigSerializer/]: Saving config file: C:\Users\kuba8\Desktop\programowanie\mc modding\test4 current\run-data\config\jei\jei-client.ini
[30kwi2025 16:12:32.703] [modloading-worker-0/INFO] [mezz.jei.library.load.PluginCaller/]: Sending ConfigManager...
[30kwi2025 16:12:32.707] [modloading-worker-0/DEBUG] [mezz.jei.library.load.PluginCallerTimerRunnable/]: Sending ConfigManager: jei:minecraft...
[30kwi2025 16:12:32.707] [modloading-worker-0/DEBUG] [mezz.jei.library.load.PluginCallerTimerRunnable/]: Sending ConfigManager: tfc:jei...
[30kwi2025 16:12:32.707] [modloading-worker-0/DEBUG] [mezz.jei.library.load.PluginCallerTimerRunnable/]: Sending ConfigManager: patchouli:patchouli...
[30kwi2025 16:12:32.707] [modloading-worker-0/DEBUG] [mezz.jei.library.load.PluginCallerTimerRunnable/]: Sending ConfigManager: kubastfca:jei...
[30kwi2025 16:12:32.707] [modloading-worker-0/DEBUG] [mezz.jei.library.load.PluginCallerTimerRunnable/]: Sending ConfigManager: jei:debug...
[30kwi2025 16:12:32.707] [modloading-worker-0/DEBUG] [mezz.jei.library.load.PluginCallerTimerRunnable/]: Sending ConfigManager: jei:gui...
[30kwi2025 16:12:32.707] [modloading-worker-0/DEBUG] [mezz.jei.library.load.PluginCallerTimerRunnable/]: Sending ConfigManager: jei:forge_gui...
[30kwi2025 16:12:32.707] [modloading-worker-0/DEBUG] [mezz.jei.library.load.PluginCallerTimerRunnable/]: Sending ConfigManager: jei:internal...
[30kwi2025 16:12:32.708] [modloading-worker-0/INFO] [mezz.jei.library.load.PluginCaller/]: Sending ConfigManager took 3.779 ms
[30kwi2025 16:12:32.712] [modloading-worker-0/DEBUG] [mixin/]: Mixing RecipeManagerMixin from tfc.mixins.json into net.minecraft.world.item.crafting.RecipeManager
[30kwi2025 16:12:32.713] [modloading-worker-0/DEBUG] [mixin/]: Mixing accessor.RecipeManagerAccessor from tfc.mixins.json into net.minecraft.world.item.crafting.RecipeManager
[30kwi2025 16:12:32.736] [modloading-worker-0/DEBUG] [net.minecraftforge.fml.javafmlmod.AutomaticEventSubscriber/LOADING]: Attempting to inject @EventBusSubscriber classes into the eventbus for jei
[30kwi2025 16:12:33.400] [modloading-worker-0/DEBUG] [net.minecraftforge.fml.config.ConfigTracker/CONFIG]: Config file tfc-common.toml for tfc tracking
[30kwi2025 16:12:33.413] [modloading-worker-0/DEBUG] [net.minecraftforge.fml.config.ConfigTracker/CONFIG]: Config file tfc-client.toml for tfc tracking
[30kwi2025 16:12:33.439] [modloading-worker-0/DEBUG] [net.minecraftforge.fml.config.ConfigTracker/CONFIG]: Config file tfc-server.toml for tfc tracking
[30kwi2025 16:12:33.659] [modloading-worker-0/DEBUG] [mixin/]: Mixing client.LevelRendererMixin from tfc.mixins.json into net.minecraft.client.renderer.LevelRenderer
[30kwi2025 16:12:33.660] [modloading-worker-0/DEBUG] [mixin/]: Mixing client.accessor.LevelRendererAccessor from tfc.mixins.json into net.minecraft.client.renderer.LevelRenderer
[30kwi2025 16:12:33.661] [modloading-worker-0/DEBUG] [mixin/]: Renaming @Invoker method invoke$renderShape(Lcom/mojang/blaze3d/vertex/PoseStack;Lcom/mojang/blaze3d/vertex/VertexConsumer;Lnet/minecraft/world/phys/shapes/VoxelShape;DDDFFFF)V to invoke$renderShape_$md$7c8dab$0 in tfc.mixins.json:client.accessor.LevelRendererAccessor
[30kwi2025 16:12:33.666] [modloading-worker-0/DEBUG] [mixin/]: Mixing client.MixinLevelRenderer from patchouli_xplat.mixins.json into net.minecraft.client.renderer.LevelRenderer
[30kwi2025 16:12:33.743] [modloading-worker-0/DEBUG] [net.minecraftforge.fml.javafmlmod.AutomaticEventSubscriber/LOADING]: Attempting to inject @EventBusSubscriber classes into the eventbus for tfc
[30kwi2025 16:12:33.767] [main/DEBUG] [net.minecraftforge.registries.ObjectHolderRegistry/REGISTRIES]: Processing ObjectHolder annotations
[30kwi2025 16:12:33.789] [main/DEBUG] [net.minecraftforge.registries.ObjectHolderRegistry/REGISTRIES]: Found 13860 ObjectHolder annotations
[30kwi2025 16:12:33.791] [main/DEBUG] [net.minecraftforge.common.capabilities.CapabilityManager/CAPABILITIES]: Attempting to automatically register: Lnet/minecraftforge/energy/IEnergyStorage;
[30kwi2025 16:12:33.792] [main/DEBUG] [net.minecraftforge.common.capabilities.CapabilityManager/CAPABILITIES]: Attempting to automatically register: Lnet/minecraftforge/fluids/capability/IFluidHandler;
[30kwi2025 16:12:33.792] [main/DEBUG] [net.minecraftforge.common.capabilities.CapabilityManager/CAPABILITIES]: Attempting to automatically register: Lnet/minecraftforge/fluids/capability/IFluidHandlerItem;
[30kwi2025 16:12:33.792] [main/DEBUG] [net.minecraftforge.common.capabilities.CapabilityManager/CAPABILITIES]: Attempting to automatically register: Lnet/minecraftforge/items/IItemHandler;
[30kwi2025 16:12:33.796] [main/DEBUG] [net.minecraftforge.registries.GameData/REGISTRIES]: Unfreezing vanilla registries
[30kwi2025 16:12:33.804] [main/DEBUG] [net.minecraftforge.registries.GameData/REGISTRIES]: Applying holder lookups: minecraft:sound_event
[30kwi2025 16:12:33.810] [main/DEBUG] [net.minecraftforge.registries.GameData/REGISTRIES]: Holder lookups applied: minecraft:sound_event
[30kwi2025 16:12:33.857] [main/DEBUG] [net.minecraftforge.registries.GameData/REGISTRIES]: Applying holder lookups: minecraft:fluid
[30kwi2025 16:12:33.863] [main/DEBUG] [net.minecraftforge.registries.GameData/REGISTRIES]: Holder lookups applied: minecraft:fluid
[30kwi2025 16:12:36.721] [main/DEBUG] [net.minecraftforge.registries.GameData/REGISTRIES]: Applying holder lookups: minecraft:block
[30kwi2025 16:12:36.726] [main/DEBUG] [net.minecraftforge.registries.GameData/REGISTRIES]: Holder lookups applied: minecraft:block
[30kwi2025 16:12:36.726] [main/DEBUG] [net.minecraftforge.registries.GameData/REGISTRIES]: Applying holder lookups: minecraft:attribute
[30kwi2025 16:12:36.729] [main/DEBUG] [net.minecraftforge.registries.GameData/REGISTRIES]: Holder lookups applied: minecraft:attribute
[30kwi2025 16:12:36.730] [main/DEBUG] [net.minecraftforge.registries.GameData/REGISTRIES]: Applying holder lookups: minecraft:mob_effect
[30kwi2025 16:12:36.732] [main/DEBUG] [net.minecraftforge.registries.GameData/REGISTRIES]: Holder lookups applied: minecraft:mob_effect
[30kwi2025 16:12:36.732] [main/DEBUG] [net.minecraftforge.registries.GameData/REGISTRIES]: Applying holder lookups: minecraft:particle_type
[30kwi2025 16:12:36.734] [main/DEBUG] [net.minecraftforge.registries.GameData/REGISTRIES]: Holder lookups applied: minecraft:particle_type
[30kwi2025 16:12:36.782] [main/DEBUG] [net.minecraftforge.registries.GameData/REGISTRIES]: Applying holder lookups: minecraft:item
[30kwi2025 16:12:36.786] [main/DEBUG] [net.minecraftforge.registries.GameData/REGISTRIES]: Holder lookups applied: minecraft:item
[30kwi2025 16:12:36.789] [main/DEBUG] [net.minecraftforge.registries.GameData/REGISTRIES]: Applying holder lookups: minecraft:entity_type
[30kwi2025 16:12:36.790] [main/DEBUG] [net.minecraftforge.registries.GameData/REGISTRIES]: Holder lookups applied: minecraft:entity_type
[30kwi2025 16:12:36.790] [main/DEBUG] [net.minecraftforge.registries.GameData/REGISTRIES]: Applying holder lookups: minecraft:sensor_type
[30kwi2025 16:12:36.791] [main/DEBUG] [net.minecraftforge.registries.GameData/REGISTRIES]: Holder lookups applied: minecraft:sensor_type
[30kwi2025 16:12:36.791] [main/DEBUG] [net.minecraftforge.registries.GameData/REGISTRIES]: Applying holder lookups: minecraft:memory_module_type
[30kwi2025 16:12:36.792] [main/DEBUG] [net.minecraftforge.registries.GameData/REGISTRIES]: Holder lookups applied: minecraft:memory_module_type
[30kwi2025 16:12:36.792] [main/DEBUG] [net.minecraftforge.registries.GameData/REGISTRIES]: Applying holder lookups: minecraft:potion
[30kwi2025 16:12:36.792] [main/DEBUG] [net.minecraftforge.registries.GameData/REGISTRIES]: Holder lookups applied: minecraft:potion
[30kwi2025 16:12:36.793] [main/DEBUG] [net.minecraftforge.registries.GameData/REGISTRIES]: Applying holder lookups: minecraft:game_event
[30kwi2025 16:12:36.793] [main/DEBUG] [net.minecraftforge.registries.GameData/REGISTRIES]: Holder lookups applied: minecraft:game_event
[30kwi2025 16:12:36.793] [main/DEBUG] [net.minecraftforge.registries.GameData/REGISTRIES]: Applying holder lookups: minecraft:enchantment
[30kwi2025 16:12:36.794] [main/DEBUG] [net.minecraftforge.registries.GameData/REGISTRIES]: Holder lookups applied: minecraft:enchantment
[30kwi2025 16:12:36.795] [main/DEBUG] [net.minecraftforge.registries.GameData/REGISTRIES]: Applying holder lookups: minecraft:block_entity_type
[30kwi2025 16:12:36.796] [main/DEBUG] [net.minecraftforge.registries.GameData/REGISTRIES]: Holder lookups applied: minecraft:block_entity_type
[30kwi2025 16:12:36.796] [main/DEBUG] [net.minecraftforge.registries.GameData/REGISTRIES]: Applying holder lookups: minecraft:painting_variant
[30kwi2025 16:12:36.797] [main/DEBUG] [net.minecraftforge.registries.GameData/REGISTRIES]: Holder lookups applied: minecraft:painting_variant
[30kwi2025 16:12:36.797] [main/DEBUG] [net.minecraftforge.registries.GameData/REGISTRIES]: Applying holder lookups: minecraft:stat_type
[30kwi2025 16:12:36.798] [main/DEBUG] [net.minecraftforge.registries.GameData/REGISTRIES]: Holder lookups applied: minecraft:stat_type
[30kwi2025 16:12:36.798] [main/DEBUG] [net.minecraftforge.registries.GameData/REGISTRIES]: Applying holder lookups: minecraft:custom_stat
[30kwi2025 16:12:36.799] [main/DEBUG] [net.minecraftforge.registries.GameData/REGISTRIES]: Holder lookups applied: minecraft:custom_stat
[30kwi2025 16:12:36.799] [main/DEBUG] [net.minecraftforge.registries.GameData/REGISTRIES]: Applying holder lookups: minecraft:chunk_status
[30kwi2025 16:12:36.800] [main/DEBUG] [net.minecraftforge.registries.GameData/REGISTRIES]: Holder lookups applied: minecraft:chunk_status
[30kwi2025 16:12:36.800] [main/DEBUG] [net.minecraftforge.registries.GameData/REGISTRIES]: Applying holder lookups: minecraft:rule_test
[30kwi2025 16:12:36.800] [main/DEBUG] [net.minecraftforge.registries.GameData/REGISTRIES]: Holder lookups applied: minecraft:rule_test
[30kwi2025 16:12:36.800] [main/DEBUG] [net.minecraftforge.registries.GameData/REGISTRIES]: Applying holder lookups: minecraft:rule_block_entity_modifier
[30kwi2025 16:12:36.801] [main/DEBUG] [net.minecraftforge.registries.GameData/REGISTRIES]: Holder lookups applied: minecraft:rule_block_entity_modifier
[30kwi2025 16:12:36.801] [main/DEBUG] [net.minecraftforge.registries.GameData/REGISTRIES]: Applying holder lookups: minecraft:pos_rule_test
[30kwi2025 16:12:36.801] [main/DEBUG] [net.minecraftforge.registries.GameData/REGISTRIES]: Holder lookups applied: minecraft:pos_rule_test
[30kwi2025 16:12:36.802] [main/DEBUG] [net.minecraftforge.registries.GameData/REGISTRIES]: Applying holder lookups: minecraft:menu
[30kwi2025 16:12:36.802] [main/DEBUG] [net.minecraftforge.registries.GameData/REGISTRIES]: Holder lookups applied: minecraft:menu
[30kwi2025 16:12:36.803] [main/DEBUG] [net.minecraftforge.registries.GameData/REGISTRIES]: Applying holder lookups: minecraft:recipe_type
[30kwi2025 16:12:36.803] [main/DEBUG] [net.minecraftforge.registries.GameData/REGISTRIES]: Holder lookups applied: minecraft:recipe_type
[30kwi2025 16:12:36.825] [main/DEBUG] [net.minecraftforge.registries.GameData/REGISTRIES]: Applying holder lookups: minecraft:recipe_serializer
[30kwi2025 16:12:36.826] [main/DEBUG] [net.minecraftforge.registries.GameData/REGISTRIES]: Holder lookups applied: minecraft:recipe_serializer
[30kwi2025 16:12:36.826] [main/DEBUG] [net.minecraftforge.registries.GameData/REGISTRIES]: Applying holder lookups: minecraft:position_source_type
[30kwi2025 16:12:36.827] [main/DEBUG] [net.minecraftforge.registries.GameData/REGISTRIES]: Holder lookups applied: minecraft:position_source_type
[30kwi2025 16:12:36.829] [main/DEBUG] [net.minecraftforge.registries.GameData/REGISTRIES]: Applying holder lookups: minecraft:command_argument_type
[30kwi2025 16:12:36.830] [main/DEBUG] [net.minecraftforge.registries.GameData/REGISTRIES]: Holder lookups applied: minecraft:command_argument_type
[30kwi2025 16:12:36.830] [main/DEBUG] [net.minecraftforge.registries.GameData/REGISTRIES]: Applying holder lookups: minecraft:villager_type
[30kwi2025 16:12:36.830] [main/DEBUG] [net.minecraftforge.registries.GameData/REGISTRIES]: Holder lookups applied: minecraft:villager_type
[30kwi2025 16:12:36.830] [main/DEBUG] [net.minecraftforge.registries.GameData/REGISTRIES]: Applying holder lookups: minecraft:villager_profession
[30kwi2025 16:12:36.831] [main/DEBUG] [net.minecraftforge.registries.GameData/REGISTRIES]: Holder lookups applied: minecraft:villager_profession
[30kwi2025 16:12:36.831] [main/DEBUG] [net.minecraftforge.registries.GameData/REGISTRIES]: Applying holder lookups: minecraft:point_of_interest_type
[30kwi2025 16:12:36.832] [main/DEBUG] [net.minecraftforge.registries.GameData/REGISTRIES]: Holder lookups applied: minecraft:point_of_interest_type
[30kwi2025 16:12:36.832] [main/DEBUG] [net.minecraftforge.registries.GameData/REGISTRIES]: Applying holder lookups: minecraft:schedule
[30kwi2025 16:12:36.832] [main/DEBUG] [net.minecraftforge.registries.GameData/REGISTRIES]: Holder lookups applied: minecraft:schedule
[30kwi2025 16:12:36.832] [main/DEBUG] [net.minecraftforge.registries.GameData/REGISTRIES]: Applying holder lookups: minecraft:activity
[30kwi2025 16:12:36.833] [main/DEBUG] [net.minecraftforge.registries.GameData/REGISTRIES]: Holder lookups applied: minecraft:activity
[30kwi2025 16:12:36.833] [main/DEBUG] [net.minecraftforge.registries.GameData/REGISTRIES]: Applying holder lookups: minecraft:loot_pool_entry_type
[30kwi2025 16:12:36.833] [main/DEBUG] [net.minecraftforge.registries.GameData/REGISTRIES]: Holder lookups applied: minecraft:loot_pool_entry_type
[30kwi2025 16:12:36.834] [main/DEBUG] [net.minecraftforge.registries.GameData/REGISTRIES]: Applying holder lookups: minecraft:loot_function_type
[30kwi2025 16:12:36.834] [main/DEBUG] [net.minecraftforge.registries.GameData/REGISTRIES]: Holder lookups applied: minecraft:loot_function_type
[30kwi2025 16:12:36.836] [main/DEBUG] [net.minecraftforge.registries.GameData/REGISTRIES]: Applying holder lookups: minecraft:loot_condition_type
[30kwi2025 16:12:36.836] [main/DEBUG] [net.minecraftforge.registries.GameData/REGISTRIES]: Holder lookups applied: minecraft:loot_condition_type
[30kwi2025 16:12:36.836] [main/DEBUG] [net.minecraftforge.registries.GameData/REGISTRIES]: Applying holder lookups: minecraft:loot_number_provider_type
[30kwi2025 16:12:36.837] [main/DEBUG] [net.minecraftforge.registries.GameData/REGISTRIES]: Holder lookups applied: minecraft:loot_number_provider_type
[30kwi2025 16:12:36.837] [main/DEBUG] [net.minecraftforge.registries.GameData/REGISTRIES]: Applying holder lookups: minecraft:loot_nbt_provider_type
[30kwi2025 16:12:36.837] [main/DEBUG] [net.minecraftforge.registries.GameData/REGISTRIES]: Holder lookups applied: minecraft:loot_nbt_provider_type
[30kwi2025 16:12:36.838] [main/DEBUG] [net.minecraftforge.registries.GameData/REGISTRIES]: Applying holder lookups: minecraft:loot_score_provider_type
[30kwi2025 16:12:36.838] [main/DEBUG] [net.minecraftforge.registries.GameData/REGISTRIES]: Holder lookups applied: minecraft:loot_score_provider_type
[30kwi2025 16:12:36.838] [main/DEBUG] [net.minecraftforge.registries.GameData/REGISTRIES]: Applying holder lookups: minecraft:float_provider_type
[30kwi2025 16:12:36.839] [main/DEBUG] [net.minecraftforge.registries.GameData/REGISTRIES]: Holder lookups applied: minecraft:float_provider_type
[30kwi2025 16:12:36.839] [main/DEBUG] [net.minecraftforge.registries.GameData/REGISTRIES]: Applying holder lookups: minecraft:int_provider_type
[30kwi2025 16:12:36.839] [main/DEBUG] [net.minecraftforge.registries.GameData/REGISTRIES]: Holder lookups applied: minecraft:int_provider_type
[30kwi2025 16:12:36.839] [main/DEBUG] [net.minecraftforge.registries.GameData/REGISTRIES]: Applying holder lookups: minecraft:height_provider_type
[30kwi2025 16:12:36.839] [main/DEBUG] [net.minecraftforge.registries.GameData/REGISTRIES]: Holder lookups applied: minecraft:height_provider_type
[30kwi2025 16:12:36.840] [main/DEBUG] [net.minecraftforge.registries.GameData/REGISTRIES]: Applying holder lookups: minecraft:block_predicate_type
[30kwi2025 16:12:36.840] [main/DEBUG] [net.minecraftforge.registries.GameData/REGISTRIES]: Holder lookups applied: minecraft:block_predicate_type
[30kwi2025 16:12:36.840] [main/DEBUG] [net.minecraftforge.registries.GameData/REGISTRIES]: Applying holder lookups: minecraft:worldgen/carver
[30kwi2025 16:12:36.841] [main/DEBUG] [net.minecraftforge.registries.GameData/REGISTRIES]: Holder lookups applied: minecraft:worldgen/carver
[30kwi2025 16:12:36.841] [main/DEBUG] [net.minecraftforge.registries.GameData/REGISTRIES]: Applying holder lookups: minecraft:worldgen/feature
[30kwi2025 16:12:36.842] [main/DEBUG] [net.minecraftforge.registries.GameData/REGISTRIES]: Holder lookups applied: minecraft:worldgen/feature
[30kwi2025 16:12:36.842] [main/DEBUG] [net.minecraftforge.registries.GameData/REGISTRIES]: Applying holder lookups: minecraft:worldgen/structure_processor
[30kwi2025 16:12:36.842] [main/DEBUG] [net.minecraftforge.registries.GameData/REGISTRIES]: Holder lookups applied: minecraft:worldgen/structure_processor
[30kwi2025 16:12:36.843] [main/DEBUG] [net.minecraftforge.registries.GameData/REGISTRIES]: Applying holder lookups: minecraft:worldgen/structure_placement
[30kwi2025 16:12:36.843] [main/DEBUG] [net.minecraftforge.registries.GameData/REGISTRIES]: Holder lookups applied: minecraft:worldgen/structure_placement
[30kwi2025 16:12:36.844] [main/DEBUG] [net.minecraftforge.registries.GameData/REGISTRIES]: Applying holder lookups: minecraft:worldgen/structure_piece
[30kwi2025 16:12:36.844] [main/DEBUG] [net.minecraftforge.registries.GameData/REGISTRIES]: Holder lookups applied: minecraft:worldgen/structure_piece
[30kwi2025 16:12:36.844] [main/DEBUG] [net.minecraftforge.registries.GameData/REGISTRIES]: Applying holder lookups: minecraft:worldgen/structure_type
[30kwi2025 16:12:36.845] [main/DEBUG] [net.minecraftforge.registries.GameData/REGISTRIES]: Holder lookups applied: minecraft:worldgen/structure_type
[30kwi2025 16:12:36.845] [main/DEBUG] [net.minecraftforge.registries.GameData/REGISTRIES]: Applying holder lookups: minecraft:worldgen/placement_modifier_type
[30kwi2025 16:12:36.846] [main/DEBUG] [net.minecraftforge.registries.GameData/REGISTRIES]: Holder lookups applied: minecraft:worldgen/placement_modifier_type
[30kwi2025 16:12:36.846] [main/DEBUG] [net.minecraftforge.registries.GameData/REGISTRIES]: Applying holder lookups: minecraft:worldgen/block_state_provider_type
[30kwi2025 16:12:36.846] [main/DEBUG] [net.minecraftforge.registries.GameData/REGISTRIES]: Holder lookups applied: minecraft:worldgen/block_state_provider_type
[30kwi2025 16:12:36.846] [main/DEBUG] [net.minecraftforge.registries.GameData/REGISTRIES]: Applying holder lookups: minecraft:worldgen/foliage_placer_type
[30kwi2025 16:12:36.847] [main/DEBUG] [net.minecraftforge.registries.GameData/REGISTRIES]: Holder lookups applied: minecraft:worldgen/foliage_placer_type
[30kwi2025 16:12:36.847] [main/DEBUG] [net.minecraftforge.registries.GameData/REGISTRIES]: Applying holder lookups: minecraft:worldgen/trunk_placer_type
[30kwi2025 16:12:36.847] [main/DEBUG] [net.minecraftforge.registries.GameData/REGISTRIES]: Holder lookups applied: minecraft:worldgen/trunk_placer_type
[30kwi2025 16:12:36.847] [main/DEBUG] [net.minecraftforge.registries.GameData/REGISTRIES]: Applying holder lookups: minecraft:worldgen/root_placer_type
[30kwi2025 16:12:36.847] [main/DEBUG] [net.minecraftforge.registries.GameData/REGISTRIES]: Holder lookups applied: minecraft:worldgen/root_placer_type
[30kwi2025 16:12:36.849] [main/DEBUG] [net.minecraftforge.registries.GameData/REGISTRIES]: Applying holder lookups: minecraft:worldgen/tree_decorator_type
[30kwi2025 16:12:36.849] [main/DEBUG] [net.minecraftforge.registries.GameData/REGISTRIES]: Holder lookups applied: minecraft:worldgen/tree_decorator_type
[30kwi2025 16:12:36.849] [main/DEBUG] [net.minecraftforge.registries.GameData/REGISTRIES]: Applying holder lookups: minecraft:worldgen/feature_size_type
[30kwi2025 16:12:36.850] [main/DEBUG] [net.minecraftforge.registries.GameData/REGISTRIES]: Holder lookups applied: minecraft:worldgen/feature_size_type
[30kwi2025 16:12:36.850] [main/DEBUG] [net.minecraftforge.registries.GameData/REGISTRIES]: Applying holder lookups: minecraft:worldgen/biome_source
[30kwi2025 16:12:36.850] [main/DEBUG] [net.minecraftforge.registries.GameData/REGISTRIES]: Holder lookups applied: minecraft:worldgen/biome_source
[30kwi2025 16:12:36.850] [main/DEBUG] [net.minecraftforge.registries.GameData/REGISTRIES]: Applying holder lookups: minecraft:worldgen/chunk_generator
[30kwi2025 16:12:36.851] [main/DEBUG] [net.minecraftforge.registries.GameData/REGISTRIES]: Holder lookups applied: minecraft:worldgen/chunk_generator
[30kwi2025 16:12:36.851] [main/DEBUG] [net.minecraftforge.registries.GameData/REGISTRIES]: Applying holder lookups: minecraft:worldgen/material_condition
[30kwi2025 16:12:36.852] [main/DEBUG] [net.minecraftforge.registries.GameData/REGISTRIES]: Holder lookups applied: minecraft:worldgen/material_condition
[30kwi2025 16:12:36.852] [main/DEBUG] [net.minecraftforge.registries.GameData/REGISTRIES]: Applying holder lookups: minecraft:worldgen/material_rule
[30kwi2025 16:12:36.852] [main/DEBUG] [net.minecraftforge.registries.GameData/REGISTRIES]: Holder lookups applied: minecraft:worldgen/material_rule
[30kwi2025 16:12:36.852] [main/DEBUG] [net.minecraftforge.registries.GameData/REGISTRIES]: Applying holder lookups: minecraft:worldgen/density_function_type
[30kwi2025 16:12:36.853] [main/DEBUG] [net.minecraftforge.registries.GameData/REGISTRIES]: Holder lookups applied: minecraft:worldgen/density_function_type
[30kwi2025 16:12:36.853] [main/DEBUG] [net.minecraftforge.registries.GameData/REGISTRIES]: Applying holder lookups: minecraft:worldgen/structure_pool_element
[30kwi2025 16:12:36.853] [main/DEBUG] [net.minecraftforge.registries.GameData/REGISTRIES]: Holder lookups applied: minecraft:worldgen/structure_pool_element
[30kwi2025 16:12:36.853] [main/DEBUG] [net.minecraftforge.registries.GameData/REGISTRIES]: Applying holder lookups: minecraft:cat_variant
[30kwi2025 16:12:36.854] [main/DEBUG] [net.minecraftforge.registries.GameData/REGISTRIES]: Holder lookups applied: minecraft:cat_variant
[30kwi2025 16:12:36.854] [main/DEBUG] [net.minecraftforge.registries.GameData/REGISTRIES]: Applying holder lookups: minecraft:frog_variant
[30kwi2025 16:12:36.855] [main/DEBUG] [net.minecraftforge.registries.GameData/REGISTRIES]: Holder lookups applied: minecraft:frog_variant
[30kwi2025 16:12:36.855] [main/DEBUG] [net.minecraftforge.registries.GameData/REGISTRIES]: Applying holder lookups: minecraft:banner_pattern
[30kwi2025 16:12:36.855] [main/DEBUG] [net.minecraftforge.registries.GameData/REGISTRIES]: Holder lookups applied: minecraft:banner_pattern
[30kwi2025 16:12:36.855] [main/DEBUG] [net.minecraftforge.registries.GameData/REGISTRIES]: Applying holder lookups: minecraft:instrument
[30kwi2025 16:12:36.856] [main/DEBUG] [net.minecraftforge.registries.GameData/REGISTRIES]: Holder lookups applied: minecraft:instrument
[30kwi2025 16:12:36.856] [main/DEBUG] [net.minecraftforge.registries.GameData/REGISTRIES]: Applying holder lookups: minecraft:decorated_pot_patterns
[30kwi2025 16:12:36.856] [main/DEBUG] [net.minecraftforge.registries.GameData/REGISTRIES]: Holder lookups applied: minecraft:decorated_pot_patterns
[30kwi2025 16:12:36.856] [main/DEBUG] [net.minecraftforge.registries.GameData/REGISTRIES]: Applying holder lookups: minecraft:creative_mode_tab
[30kwi2025 16:12:36.857] [main/DEBUG] [net.minecraftforge.registries.GameData/REGISTRIES]: Holder lookups applied: minecraft:creative_mode_tab
[30kwi2025 16:12:36.861] [main/DEBUG] [net.minecraftforge.registries.GameData/REGISTRIES]: Applying holder lookups: forge:biome_modifier_serializers
[30kwi2025 16:12:36.863] [main/DEBUG] [net.minecraftforge.registries.GameData/REGISTRIES]: Holder lookups applied: forge:biome_modifier_serializers
[30kwi2025 16:12:36.863] [main/DEBUG] [net.minecraftforge.registries.GameData/REGISTRIES]: Applying holder lookups: forge:display_contexts
[30kwi2025 16:12:36.864] [main/DEBUG] [net.minecraftforge.registries.GameData/REGISTRIES]: Holder lookups applied: forge:display_contexts
[30kwi2025 16:12:36.864] [main/DEBUG] [net.minecraftforge.registries.GameData/REGISTRIES]: Applying holder lookups: forge:entity_data_serializers
[30kwi2025 16:12:36.865] [main/DEBUG] [net.minecraftforge.registries.GameData/REGISTRIES]: Holder lookups applied: forge:entity_data_serializers
[30kwi2025 16:12:36.866] [main/DEBUG] [net.minecraftforge.registries.GameData/REGISTRIES]: Applying holder lookups: forge:fluid_type
[30kwi2025 16:12:36.866] [main/DEBUG] [net.minecraftforge.registries.GameData/REGISTRIES]: Holder lookups applied: forge:fluid_type
[30kwi2025 16:12:36.866] [main/DEBUG] [net.minecraftforge.registries.GameData/REGISTRIES]: Applying holder lookups: forge:global_loot_modifier_serializers
[30kwi2025 16:12:36.867] [main/DEBUG] [net.minecraftforge.registries.GameData/REGISTRIES]: Holder lookups applied: forge:global_loot_modifier_serializers
[30kwi2025 16:12:36.870] [main/DEBUG] [net.minecraftforge.registries.GameData/REGISTRIES]: Applying holder lookups: forge:holder_set_type
[30kwi2025 16:12:36.871] [main/DEBUG] [net.minecraftforge.registries.GameData/REGISTRIES]: Holder lookups applied: forge:holder_set_type
[30kwi2025 16:12:36.871] [main/DEBUG] [net.minecraftforge.registries.GameData/REGISTRIES]: Applying holder lookups: forge:structure_modifier_serializers
[30kwi2025 16:12:36.872] [main/DEBUG] [net.minecraftforge.registries.GameData/REGISTRIES]: Holder lookups applied: forge:structure_modifier_serializers
[30kwi2025 16:12:36.872] [main/DEBUG] [net.minecraftforge.registries.GameData/REGISTRIES]: Applying holder lookups: minecraft:worldgen/biome
[30kwi2025 16:12:36.873] [main/DEBUG] [net.minecraftforge.registries.GameData/REGISTRIES]: Holder lookups applied: minecraft:worldgen/biome
[30kwi2025 16:12:36.940] [Worker-Main-1/DEBUG] [mixin/]: Mixing WorldPresetsMixin from tfc.mixins.json into net.minecraft.world.level.levelgen.presets.WorldPresets
[30kwi2025 16:12:36.969] [main/WARN] [net.minecraft.server.packs.VanillaPackResourcesBuilder/]: Assets URL 'union:/C:/Users/kuba8/.gradle/caches/forge_gradle/minecraft_user_repo/net/minecraftforge/forge/1.20.1-47.3.0_mapped_parchment_2023.09.03-1.20.1/forge-1.20.1-47.3.0_mapped_parchment_2023.09.03-1.20.1.jar%23191!/assets/.mcassetsroot' uses unexpected schema
[30kwi2025 16:12:36.969] [main/WARN] [net.minecraft.server.packs.VanillaPackResourcesBuilder/]: Assets URL 'union:/C:/Users/kuba8/.gradle/caches/forge_gradle/minecraft_user_repo/net/minecraftforge/forge/1.20.1-47.3.0_mapped_parchment_2023.09.03-1.20.1/forge-1.20.1-47.3.0_mapped_parchment_2023.09.03-1.20.1.jar%23191!/data/.mcassetsroot' uses unexpected schema
[30kwi2025 16:12:37.099] [main/INFO] [net.minecraft.data.DataGenerator/]: All providers took: 0 ms
[30kwi2025 16:12:37.100] [main/INFO] [net.minecraft.data.HashCache/]: Caching: total files: 0, old count: 0, new count: 1, removed stale: 0, written: 0
